Handle,Title,Body (HTML),Vendor,Product Category,Type,Tags,Published,Option1 Name,Option1 Value,Option2 Name,Option2 Value,Option3 Name,Option3 Value,Variant SKU,Variant Grams,Variant Inventory Tracker,Variant Inventory Qty,Variant Inventory Policy,Variant Fulfillment Service,Variant Price,Variant Compare At Price,Variant Requires Shipping,Variant Taxable,Variant Barcode,Image Src,Image Position,Image Alt Text,Gift Card,SEO Title,SEO Description,Google Shopping / Google Product Category,Google Shopping / Gender,Google Shopping / Age Group,Google Shopping / MPN,Google Shopping / Condition,Google Shopping / Custom Product,Google Shopping / Custom Label 0,Google Shopping / Custom Label 1,Google Shopping / Custom Label 2,Google Shopping / Custom Label 3,Google Shopping / Custom Label 4,Variant Image,Variant Weight Unit,Variant Tax Code,Cost per item,Included / Pakistan,Price / Pakistan,Compare At Price / Pakistan,Status
glow-shine-rose-face-wash,MHB GLOW & SHINE ROSE FACE WASH,"<span style=""font-size: 1.4em;"">GLOW &amp; SHINE ROSE FACE WASH (SLS &amp; PARABEN FREE)</span><br>
<ul data-mce-fragment=""1"" class="""">
<li data-mce-fragment=""1"" data-spm-anchor-id=""a2a0e.pdp.product_detail.i0.337d7090nn02Kg"" class=""""><span>Revive your skin and enliven your senses with MHB Glow &amp; Shine Rose Face Wash. This exfoliating facial cleanser cleans deep and helps leave skin feeling refreshed and exhilarated. The light gel formula lathers into a tingly, bubbly foam that removes surface dirt, oil, and makeup, with gentle exfoliators that work to sweep away dead skin. This invigorating, cooling gel face scrub goes deep into pores to remove skin of impurities. This daily exfoliating face wash leaves skin with a fresh, clean and energized look. It makes the perfect addition to your daily beauty and skincare routine for an at-home self-care experience</span></li>
</ul>
<p> </p>
<p><span><iframe title=""YouTube video player"" src=""https://www.youtube.com/embed/Us1bu7o8630"" height=""315"" width=""350"" allowfullscreen="""" allow=""accelerometer; autoplay; clipboard-write; encrypted-media; gyroscope; picture-in-picture"" frameborder=""0""></iframe></span></p>",MEMOONA HEALTH & BEAUTY (M.H.B),,FACEWASH,"FACEWASH, GLOW & SHINE, MHB FACEWASH, ROSE",true,Size,150ml,,,,,mhbrosefacewash-150ml,100.0,shopify,3,deny,manual,750.00,,true,false,"",https://cdn.shopify.com/s/files/1/0516/1677/6382/products/IMG_20210908_015429.jpg?v=1631048184,1,"",false,,"Revive your skin and enliven your senses with MHB Glow & Shine Rose Face Wash. This exfoliating facial cleanser cleans deep and helps leave skin feeling refreshed and exhilarated. The light gel formula lathers into a tingly, bubbly foam that removes surface dirt, oil, and makeup, with gentle exfoliators that work to sweep away dead skin. This invigorating, cooling gel face scrub goes deep into pores to remove skin of impurities. This daily exfoliating face wash leaves skin with a fresh, clean and energized look. It makes the perfect addition to your daily beauty and skincare routine for an at-home self-care experience",,,,,,,,,,,,,kg,,99.00,true,,,active
glow-shine-rose-face-wash,,,,,,,,,,,,,,,,,,,,,,,,,https://cdn.shopify.com/s/files/1/0516/1677/6382/products/face01.jpg?v=1631048184,2,"",,,,,,,,,,,,,,,,,,,,,,
glow-shine-rose-face-wash,,,,,,,,,,,,,,,,,,,,,,,,,https://cdn.shopify.com/s/files/1/0516/1677/6382/products/faceback.jpg?v=1631048184,3,"",,,,,,,,,,,,,,,,,,,,,,
glow-shine-rose-face-wash,,,,,,,,,,,,,,,,,,,,,,,,,https://cdn.shopify.com/s/files/1/0516/1677/6382/products/facewash_usage2.jpg?v=1631048184,4,"",,,,,,,,,,,,,,,,,,,,,,
mhb-herbal-shampoo,MHB HERBAL SHAMPOO - 230ML,"<h3>Sulfate Free Shampoo With Natural Source Ingredients- 230ML</h3>
Try New<strong data-mce-fragment=""1""> MHB Strong &amp; Long Herbal Shampoo</strong>. Designed to be gentle on your hair. Its works gently on your Hair from root to tip, which nourishes &amp; make it Stronger. Now less Hairfall* Guaranteed *Prevents Hair BREAKAGE...",MHB - MEMOONA HEALTH & BEAUTY,,SHAMPOO,"HERBAL SHAMPOO, MHB HERBAL SHAMPOO, SLS FREE, SLS FREE SHAMPOO",true,Title,Default Title,,,,,"",300.0,shopify,0,deny,manual,850.00,,true,false,"",https://cdn.shopify.com/s/files/1/0516/1677/6382/products/SHAMPOONEW_1.jpg?v=1631175422,1,"",false,,,,,,,,,,,,,,,kg,,150.00,true,,,active
mhb-herbal-shampoo,,,,,,,,,,,,,,,,,,,,,,,,,https://cdn.shopify.com/s/files/1/0516/1677/6382/products/SHAMPOONEW2.jpg?v=1631175422,2,"",,,,,,,,,,,,,,,,,,,,,,
mhb-herbal-shampoo,,,,,,,,,,,,,,,,,,,,,,,,,https://cdn.shopify.com/s/files/1/0516/1677/6382/products/frame3.jpg?v=1631175422,3,"",,,,,,,,,,,,,,,,,,,,,,
mhb-herbal-shampoo,,,,,,,,,,,,,,,,,,,,,,,,,https://cdn.shopify.com/s/files/1/0516/1677/6382/products/frame4.jpg?v=1631175422,4,"",,,,,,,,,,,,,,,,,,,,,,
mhb-herbal-shampoo,,,,,,,,,,,,,,,,,,,,,,,,,https://cdn.shopify.com/s/files/1/0516/1677/6382/products/f2.jpg?v=1631175422,5,"",,,,,,,,,,,,,,,,,,,,,,
mhb-vitamin-c-serum,MHB Vitamin C Serum for Face - 50ml,"<h3>Vegan, Cruelty-Free, Organic, Eco-Friendly with Pure Hyaluronic Acid &amp; Vitamin E - Best Natural Formula for Wrinkles &amp; Sun Damage</h3>
<ul class="""" data-mce-fragment=""1"">
<li class="""" data-spm-anchor-id=""a2a0e.pdp.product_detail.i0.72a210c4uPUbRf"" data-mce-fragment=""1"">
<div class=""w-full border-b border-black/10 dark:border-gray-900/50 text-gray-800 dark:text-gray-100 group bg-gray-50 dark:bg-[#444654]"">
<div class=""text-base gap-4 md:gap-6 m-auto md:max-w-2xl lg:max-w-2xl xl:max-w-3xl p-4 md:py-6 flex lg:px-0"">
<div class=""relative flex w-[calc(100%-50px)] flex-col gap-1 md:gap-3 lg:w-[calc(100%-115px)]"">
<div class=""flex flex-grow flex-col gap-3"">
<div class=""min-h-[20px] flex flex-col items-start gap-4 whitespace-pre-wrap"">
<div class=""markdown prose w-full break-words dark:prose-invert light"">
<p>Vitamin C serum is a skincare product that contains a high concentration of vitamin C, an antioxidant that can help brighten skin, reduce the appearance of dark spots, and protect against environmental damage. It is typically used in the morning after cleansing and before moisturizing, and can be applied to the face, neck, and chest. It may also contain other beneficial ingredients like hyaluronic acid and vitamin E. It is important to store vitamin C serum in a cool, dark place to prevent oxidation and maintain its potency.</p>
</div>
</div>
</div>
<div class=""flex justify-between"">
<div class=""text-gray-400 flex self-end lg:self-center justify-center mt-2 gap-3 md:gap-4 lg:gap-1 lg:absolute lg:top-0 lg:translate-x-full lg:right-0 lg:mt-0 lg:pl-2 visible"" style=""text-align: left;""><img alt=""MHB Vitamin C Serum for Face - 50ml"" src=""https://cdn.shopify.com/s/files/1/0516/1677/6382/files/VitaminCUsage_480x480.jpg?v=1684150356"" style=""margin-bottom: 16px; float: none;""></div>
</div>
</div>
</div>
</div>
</li>
</ul>",MHB - MEMOONA HEALTH & BEAUTY,Health & Beauty > Personal Care > Cosmetics > Skin Care,SERUM,"MHB SERUM, MHB VITAMIN C SERUM, Vitamin C Serum",true,Title,Default Title,,,,,Vserum,200.0,shopify,7,continue,manual,1550.00,,true,false,"",https://cdn.shopify.com/s/files/1/0516/1677/6382/products/VITAMINCFRAME02.jpg?v=1684150407,1,MHB Vitamin C Serum for Face - 50ml,false,MHB Vitamin C Serum for Face,"Get your glow on with MHB Vitamin C Serum for Face! It reduces wrinkles, fine lines, and blemishes, so you can look your best! Buy Best Vitamin C Serum in Pakistan",,,,,,,,,,,,,kg,,400.00,true,,,active
mhb-vitamin-c-serum,,,,,,,,,,,,,,,,,,,,,,,,,https://cdn.shopify.com/s/files/1/0516/1677/6382/products/Vscrub02_42.png?v=1684150407,2,Vitamin C Serum,,,,,,,,,,,,,,,,,,,,,,
mhb-vitamin-c-serum,,,,,,,,,,,,,,,,,,,,,,,,,https://cdn.shopify.com/s/files/1/0516/1677/6382/products/Vscrub02_44.png?v=1684150407,3,Vitamin C Serum 50ml,,,,,,,,,,,,,,,,,,,,,,
mhb-argan-oil-hair-mask,MHB Argan Oil Hair Mask - 150ml,"<h3>Deep Conditioning Keratin Hair Treatment with Vitamin E Moisturizing and Restorative 150ml</h3>
<p data-mce-fragment=""1""><span data-mce-fragment=""1""><strong data-mce-fragment=""1""><u data-spm-anchor-id=""a2a0e.pdp.product_detail.i0.62bf3076tqirAD"" data-mce-fragment=""1"">How to Use:</u></strong> Dry the Hair, than put the hair mask from the end of the hair, avoid the scalp-massage with finger pulp for 3 min, let every single hair absorb the nutrition Warm the hair with a hot towel for 5 -10 minute to accelerate the absorb then washout</span></p>
<ul data-mce-fragment=""1"">
<li data-mce-fragment=""1""><span data-mce-fragment=""1"">SAFETY WARNING: For external use only. Rub a very small amount on the inside of your elbow area to test for any allergic reaction before use. Avoid contact with eyes, keep out of the reach of children.</span></li>
</ul>",MHB - MEMOONA HEALTH & BEAUTY,,HAIR MASK,"ARGAN OIL, ARGAN OIL HAIR MASK, Deep Conditioning, HAIR MASK, Keratin Hair Treatment, MHB HAIR MASK, MHB HAIRMASK",true,Title,Default Title,,,,,"",200.0,shopify,5,deny,manual,500.00,,true,false,"",https://cdn.shopify.com/s/files/1/0516/1677/6382/files/main-canvas-649c1c2f90f3e530df51a0e5.png?v=1692021719,1,"",false,,,,,,,,,,,,,,,kg,,170.00,true,,,active
mhb-argan-oil-hair-mask,,,,,,,,,,,,,,,,,,,,,,,,,https://cdn.shopify.com/s/files/1/0516/1677/6382/files/main-canvas-64cd16f06116225c804a8bdd_e056b0b7-2512-4861-aeb2-37b0275d9ef6.png?v=1692021719,2,"",,,,,,,,,,,,,,,,,,,,,,
mhb-argan-oil-hair-mask,,,,,,,,,,,,,,,,,,,,,,,,,https://cdn.shopify.com/s/files/1/0516/1677/6382/products/HAIRMASK01.jpg?v=1692021719,3,"",,,,,,,,,,,,,,,,,,,,,,
mhb-argan-oil-hair-mask,,,,,,,,,,,,,,,,,,,,,,,,,https://cdn.shopify.com/s/files/1/0516/1677/6382/products/HAIRMASK03.jpg?v=1692021719,4,"",,,,,,,,,,,,,,,,,,,,,,
mhb-hair-growth-oil-adds-softness-shine-6-in-1-125ml,MHB Hair Oil | Adds Softness & Shine | 6 in 1 | 125ml,"<h3>MHB Hair Oil</h3>
<h3>INFUSED WITH 6 IN 1 MOISTURIZING OILS:<br>
</h3>
<ul class="""" data-mce-fragment=""1"">
<li class="""" data-mce-fragment=""1"">1.ARGAN OIL</li>
<li class="""" data-mce-fragment=""1"">2.ALMOND OIL</li>
<li class="""" data-mce-fragment=""1"">3.ONION OIL</li>
<li class="""" data-mce-fragment=""1"">4.GINGER OIL</li>
<li class="""" data-mce-fragment=""1"">5.VITAMIN E OIL</li>
<li class="""" data-mce-fragment=""1"">6.BLACK SEED OIL</li>
<li class="""" data-mce-fragment=""1"">This 6-in-1 Leave-In Conditioner penetrates the hair shaft, gently cleansing while it repairs damage and breakage, leaving even the most rebellious hair frizz-free, silky-soft and super glossy.</li>
</ul>",MHB - MEMOONA HEALTH & BEAUTY,,OIL,"ALMOND OIL, ARGAN OIL, BLACK SEED OIL, GINGER OIL, HAIR GROWTH OIL, HAIR OIL, MHB HAIR OIL, ONION OIL, VITAMIN E OIL",true,Title,Default Title,,,,,"",200.0,shopify,1,deny,manual,875.00,,true,false,"",https://cdn.shopify.com/s/files/1/0516/1677/6382/products/HAIROILF1.jpg?v=1655205301,1,"",false,,,,,,,,,,,,,,,kg,,250.00,true,,,active
mhb-hair-growth-oil-adds-softness-shine-6-in-1-125ml,,,,,,,,,,,,,,,,,,,,,,,,,https://cdn.shopify.com/s/files/1/0516/1677/6382/products/HAIROILF2.jpg?v=1655205301,2,"",,,,,,,,,,,,,,,,,,,,,,
mhb-hair-growth-oil-adds-softness-shine-6-in-1-125ml,,,,,,,,,,,,,,,,,,,,,,,,,https://cdn.shopify.com/s/files/1/0516/1677/6382/products/HAIROILF3.jpg?v=1655205301,3,"",,,,,,,,,,,,,,,,,,,,,,
mhb-argan-oil-shampoo-sulfate-free-250ml,MHB ARGAN OIL SHAMPOO - SULFATE FREE - 250ml,"<h5>ARGAN OIL SHAMPOO</h5>
<p>Contains NO Sulfates, Parabens, Sodium Chloride, Gluten or Phothalates. Researchers have found that shampoos containing sulfates and other harmful ingredients can cause itchy scalp, serious skin irritation and disease, hair loss and damage, and the ability to create nitrate compounds which have been linked to cancer and cell damage. Pure Nature contains NONE of these harsh chemicals.</p>
<p>This ARGAN OIL Shampoo gives hair beautiful structure, leaving it soft and manageable, producing incredible shine and life. Helps control and smooth frizzy hair, leaving your hair silky smooth; also softens and aids in curl definition. Contains Vitamin E that penetrates through the cuticle of the hair, resulting in hair that is stronger, thicker and younger looking.</p>",MHB - MEMOONA HEALTH & BEAUTY,,SHAMPOO,"ARGAN OIL, HERBAL SHAMPOO",true,Title,Default Title,,,,,Arganoilshampoo250ml,300.0,shopify,7,deny,manual,600.00,,true,false,"",https://cdn.shopify.com/s/files/1/0516/1677/6382/files/a429a69875e0b8b5e216d3ddc45d83ac.png?v=1695803709,1,"",false,,,,,,,,,,,,,,,kg,,200.00,true,,,active
mhb-argan-oil-shampoo-sulfate-free-250ml,,,,,,,,,,,,,,,,,,,,,,,,,https://cdn.shopify.com/s/files/1/0516/1677/6382/files/arganoilshampoo.png?v=1695803709,2,"",,,,,,,,,,,,,,,,,,,,,,
mhb-argan-oil-conditioner,MHB ARGAN OIL CONDITIONER - SULFATE FREE - 250ml,"<p>Contains NO Sulfates, Parabens, Sodium Chloride, Gluten or Phothalates. Researchers have found that shampoos containing sulfates and other harmful ingredients can cause itchy scalp, serious skin irritation and disease, hair loss and damage, and the ability to create nitrate compounds which have been linked to cancer and cell damage. Pure Nature contains NONE of these harsh chemicals.</p>
<p><br>This ARGAN OIL Conditioner gives hair a beautiful structure, leaving it soft and manageable, producing incredible shine and life. Helps control and smooth frizzy hair, leaving your hair silky smooth; also softens and aids in curl definition. Contains Vitamin E that penetrates through the cuticle of the hair, resulting in hair that is stronger, thicker and younger looking.</p>",MHB - MEMOONA HEALTH & BEAUTY,,CONDITIONER,"ARGAN OIL, Conditioner",true,Title,Default Title,,,,,Arganoilconditioner250,200.0,shopify,1,deny,manual,680.00,,true,false,"",https://cdn.shopify.com/s/files/1/0516/1677/6382/files/IMG-20231124_054429.jpg?v=1700786734,1,"",false,ARGAN OIL CONDITIONER ,"This MHB ARGAN OIL Conditioner gives hair beautiful structure, leaving it soft and manageable, producing incredible shine and life. Helps control and smooth frizzy hair, leaving your hair silky smooth; also softens and aids in curl definition.",,,,,,,,,,,,,kg,,200.00,true,,,active
mhb-argan-oil-conditioner,,,,,,,,,,,,,,,,,,,,,,,,,https://cdn.shopify.com/s/files/1/0516/1677/6382/products/ARGANTYPEC.jpg?v=1700786734,2,"",,,,,,,,,,,,,,,,,,,,,,
mhb-argan-oil-shampoo-conditioner-sulfate-free-250ml-each,MHB ARGAN OIL SHAMPOO & CONDITIONER  SULFATE FREE  250ml Each,"<h3></h3>
<blockquote>
<h5><span>ARGAN OIL SHAMPOO &amp; CONDITIONER</span></h5>
</blockquote>
<p><span>Sulfate-free shampoo and conditioner are hair care products that do not contain sulfates, which are harsh detergents commonly found in traditional shampoos and cleansers. Sulfates can strip the hair of its natural oils, leaving it dry and prone to damage. Sulfate-free formulas are gentler and can help maintain the natural moisture balance of the scalp and hair. They may contain alternative cleansing agents such as coco betaine or sodium cocoyl isethionate. Sulfate-free conditioners are designed to nourish and detangle hair without weighing it down or leaving a residue. They may contain natural oils, plant extracts, or hydrolyzed proteins to help strengthen and protect the hair. Sulfate-free hair care is a good choice for people with sensitive scalps, color-treated hair, or those who prefer a more natural approach to hair care.</span></p>",MHB - MEMOONA HEALTH & BEAUTY,Health & Beauty > Personal Care > Hair Care > Hair Care Kits,SHAMPOO,"ARGAN OIL, Deep Conditioning, HERBAL SHAMPOO",true,Title,Default Title,,,,,ArganBundle,200.0,shopify,8,deny,manual,980.00,,true,false,"",https://cdn.shopify.com/s/files/1/0516/1677/6382/files/9f15059e568e3af452dcc900fe3b28da.jpg?v=1695804140,1,"",false,ARGAN OIL SHAMPOO & CONDITIONER,,,,,,,,,,,,,,kg,,400.00,true,,,active
mhb-argan-oil-shampoo-conditioner-sulfate-free-250ml-each,,,,,,,,,,,,,,,,,,,,,,,,,https://cdn.shopify.com/s/files/1/0516/1677/6382/files/arganoilshampoo_dc50c073-a534-489f-948c-afc84a2a1296.png?v=1695804140,2,"",,,,,,,,,,,,,,,,,,,,,,
mhb-argan-oil-shampoo-conditioner-sulfate-free-250ml-each,,,,,,,,,,,,,,,,,,,,,,,,,https://cdn.shopify.com/s/files/1/0516/1677/6382/files/CONDITIONERORDERNOW.png?v=1695987597,3,"",,,,,,,,,,,,,,,,,,,,,,
mhb-argan-oil-shampoo-conditioner-sulfate-free-250ml-each,,,,,,,,,,,,,,,,,,,,,,,,,https://cdn.shopify.com/s/files/1/0516/1677/6382/files/IMPRFORMSHAMPOO.png?v=1695987598,4,"",,,,,,,,,,,,,,,,,,,,,,
mhb-argan-oil-shampoo-conditioner-sulfate-free-250ml-each,,,,,,,,,,,,,,,,,,,,,,,,,https://cdn.shopify.com/s/files/1/0516/1677/6382/files/UNIBANNER.png?v=1695987597,5,"",,,,,,,,,,,,,,,,,,,,,,
castor-oil-organic-for-eyelashes-eyebrows-hair-growth-100-pure-hexane-free-cold-pressed-natural-conditioner-for-men-women-100ml,"CASTOR OIL ORGANIC FOR EYELASHES, EYEBROWS, HAIR GROWTH 100% PURE, HEXANE-FREE COLD-PRESSED - NATURAL CONDITIONER FOR MEN & WOMEN - 100ML","<ul class="""" data-spm-anchor-id=""a2a0e.pdp.product_detail.i0.539fY5pxY5pxnn"" data-mce-fragment=""1"">
<li class="""" data-mce-fragment=""1"">✅ NO HARMFUL SUBSTANCES - Our organic unrefined castor oil is 100% pure and cold-pressed to keep its minerals, essential fatty acids, and nutrients intact. Each bottle has light-yellow color and mild odor.</li>
<li class="""" data-mce-fragment=""1"">✅ GET FULLER, THICKER HAIR - This versatile castor oil is rich in fatty acids that help nourish and condition the hair to help you get longer and healthier locks, eyebrows, and eyelashes.</li>
<li class="""" data-mce-fragment=""1"">✅ ENJOY GLOWING SUPPLE SKIN - Castor oil helps seal in moisture in your skin, making it an effective moisturizer. This serum is perfect for hydrating rough and dry patches on your elbows, knees, and scalp.</li>
<li class="""" data-mce-fragment=""1"">✅ KEEP YOUR NAILS WELL-CONDITIONED - Strengthen your nail beds by adding a few drops of this pure castor oil on your cuticles and nail plates to help prevent them from breaking and peeling.</li>
<li class="""" data-mce-fragment=""1"">✅ A HELPFUL GIFT FOR BEAUTY LOVERS - Our castor oil for hair growth and skincare is an amazing gift for beauty enthusiasts. Each bottle can be used for different applications anytime, anywhere.</li>
</ul>",MHB - MEMOONA HEALTH & BEAUTY,,"","",true,Title,Default Title,,,,,CASTOROIL100ML,0.0,shopify,0,deny,manual,750.00,,true,false,"",https://cdn.shopify.com/s/files/1/0516/1677/6382/products/CASTOROILf1.jpg?v=1632741706,1,"",false,,,,,,,,,,,,,,,kg,,200.00,true,,,active
castor-oil-organic-for-eyelashes-eyebrows-hair-growth-100-pure-hexane-free-cold-pressed-natural-conditioner-for-men-women-100ml,,,,,,,,,,,,,,,,,,,,,,,,,https://cdn.shopify.com/s/files/1/0516/1677/6382/products/CASTOROILf2.jpg?v=1632741706,2,"",,,,,,,,,,,,,,,,,,,,,,
mhb-hair-serum-100ml,MHB Hair Serum -100ml,"<h3>Hair Growth Therapy Energizing Scalp Serum (100ml) with Argan Oil &amp; DHT Blockers, All Hair Types, Men &amp; Women (Packaging may vary)</h3>
<ul class="""" data-mce-fragment=""1"">
<li class="""" data-mce-fragment=""1"">
<p data-mce-fragment=""1"">Experience luxurious hair care with MHB Hair Growth Therapy Energizing Scalp Serum. Infused with Argan Oil and DHT Blockers, this highly effective formula caters to all hair types and promotes growth while strengthening the strands and nourishing the scalp. Providing an exclusive spa experience right at home, treat your locks to the best with MHB.</p>
</li>
</ul>",MHB - MEMOONA HEALTH & BEAUTY,Health & Beauty > Personal Care > Hair Care,HAIR SERUM,HAIR SERUM,true,Title,Default Title,,,,,hairserum100ml,100.0,shopify,9,deny,manual,300.00,,true,false,"",https://cdn.shopify.com/s/files/1/0516/1677/6382/products/PR1.jpg?v=1632824808,1,"",false,MHB Hair Growth Serum,Our Energizing Scalp Serum is engineered to help accelerate the results of our Hair Growth Therapy System. ,,,,,,,,,,,,,kg,,100.00,true,,,active
mhb-hair-serum-100ml,,,,,,,,,,,,,,,,,,,,,,,,,https://cdn.shopify.com/s/files/1/0516/1677/6382/products/PR2.jpg?v=1632824808,2,"",,,,,,,,,,,,,,,,,,,,,,
mhb-argan-oil-bundle-shampoo-conditioner-hair-mask,MHB ARGAN OIL BUNDLE - SHAMPOO - CONDITIONER - HAIR MASK,"<span style=""font-size: 19.6px;"">Argan Oil Bundle</span><br>
<ul class="""" data-mce-fragment=""1"">
<li class="""" data-mce-fragment=""1"">1. Shampoo 250ml</li>
<li class="""" data-mce-fragment=""1"">2. Conditioner 250ml</li>
<li class="""" data-spm-anchor-id=""a2a0e.pdp.product_detail.i0.72514J4p4J4pQX"" data-mce-fragment=""1"">3. Hair Mask 150ml</li>
</ul>",MHB - MEMOONA HEALTH & BEAUTY,,"","ARGAN OIL, ARGAN OIL HAIR MASK",true,Title,Default Title,,,,,'10,400.0,shopify,9,deny,manual,1299.00,1500.00,true,false,"",https://cdn.shopify.com/s/files/1/0516/1677/6382/files/main-canvas-6511711ac60e8ee6a2aa9a74.png?v=1695803873,1,"",false,ARGAN OIL SHAMPOO and CONDITIONER - HAIR MASK,ARGAN OIL BUNDLE. 1.ARGAN OIL SHAMPOO.  2.ARGAN OIL CONDITIONER.  3.ARGAN OIL HAIR MASK.,,,,,,,,,,,,,kg,,700.00,true,,,active
mhb-argan-oil-bundle-shampoo-conditioner-hair-mask,,,,,,,,,,,,,,,,,,,,,,,,,https://cdn.shopify.com/s/files/1/0516/1677/6382/files/a429a69875e0b8b5e216d3ddc45d83ac_735971f8-99d5-44c3-b18d-b8605c5bf8b6.png?v=1695803873,2,"",,,,,,,,,,,,,,,,,,,,,,
mhb-argan-oil-bundle-shampoo-conditioner-hair-mask,,,,,,,,,,,,,,,,,,,,,,,,,https://cdn.shopify.com/s/files/1/0516/1677/6382/files/70b9bd70b1f5023ddf0840df61e7c6d5.png?v=1695803873,3,"",,,,,,,,,,,,,,,,,,,,,,
mhb-argan-oil-bundle-shampoo-conditioner-hair-mask,,,,,,,,,,,,,,,,,,,,,,,,,https://cdn.shopify.com/s/files/1/0516/1677/6382/products/ARGANTYPEMASK.jpg?v=1695803873,4,"",,,,,,,,,,,,,,,,,,,,,,
mhb-argan-oil-bundle-shampoo-conditioner-hair-mask,,,,,,,,,,,,,,,,,,,,,,,,,https://cdn.shopify.com/s/files/1/0516/1677/6382/files/arganoilshampoo_dc9e9e7b-b736-4d55-bba4-b19e0c78d69a.png?v=1695803873,5,"",,,,,,,,,,,,,,,,,,,,,,
vitamin-c-kit,MHB Vitamin C Bundle - Cleanser - Serum - Moisturizer - Toner (Pack of 4),"<p data-mce-fragment=""1""><strong data-mce-fragment=""1"">MHB Vitamin C Bundle  </strong></p>
<ul data-mce-fragment=""1"">
<li data-mce-fragment=""1"">Vitamin C Cleanser 300ml</li>
<li data-mce-fragment=""1"">Vitamin C Serum 50ml</li>
<li data-mce-fragment=""1"">Vitamin C Moisturizer 120ml </li>
<li data-mce-fragment=""1"">Vitamin C Toner 120ml</li>
</ul>",MHB - MEMOONA HEALTH & BEAUTY,,"","MHB VITAMIN C SERUM, vitamin c cleanser, Vitamin c moisturizer, vitamin c tooner",true,Title,Default Title,,,,,VBUNDLE,400.0,shopify,8,deny,manual,2250.00,,true,false,"",https://cdn.shopify.com/s/files/1/0516/1677/6382/products/Vbundle01_1.jpg?v=1667282851,1,MHB Vitamin C Bundle - Cleanser - Serum - Moisturizer - Toner (Pack of 4),false,,,,,,,,,,,,,,,kg,,800.00,true,,,active
vitamin-c-kit,,,,,,,,,,,,,,,,,,,,,,,,,https://cdn.shopify.com/s/files/1/0516/1677/6382/products/FacebookCoverPhoto_3.png?v=1667282852,2,"MHB Vitamin C Cleanser - Anti Aging Face Wash & Exfoliating Facial Cleansing Gel Reduces Wrinkles, Dark Spots, Blemishes & Breakouts for Clear Skin With Natural Aloe Vera & Green Tea - 300ML",,,,,,,,,,,,,,,,,,,,,,
vitamin-c-kit,,,,,,,,,,,,,,,,,,,,,,,,,https://cdn.shopify.com/s/files/1/0516/1677/6382/products/FacebookCoverPhoto.png?v=1667282851,3,"MHB Vitamin C Toner with Witch Hazel, pH Balancing, Anti Aging, Face Primer (120ml)",,,,,,,,,,,,,,,,,,,,,,
vitamin-c-kit,,,,,,,,,,,,,,,,,,,,,,,,,https://cdn.shopify.com/s/files/1/0516/1677/6382/products/Vbundle03.jpg?v=1667282852,4,"MHB Vitamin C Moisturizer for Face, Formulated with Shea Butter, Aloe Vera, and Niacinamide - 120ML",,,,,,,,,,,,,,,,,,,,,,
vitamin-c-kit,,,,,,,,,,,,,,,,,,,,,,,,,https://cdn.shopify.com/s/files/1/0516/1677/6382/products/Vbundle05.jpg?v=1667282851,5, MHB Vitamin C Serum with Vitamin B3 and Hyaluronic Acid - 50ml,,,,,,,,,,,,,,,,,,,,,,
vitamin-c-kit,,,,,,,,,,,,,,,,,,,,,,,,,https://cdn.shopify.com/s/files/1/0516/1677/6382/products/Vscrub02_43_-Copy.png?v=1669475156,6,"",,,,,,,,,,,,,,,,,,,,,,
vitamin-c-kit,,,,,,,,,,,,,,,,,,,,,,,,,https://cdn.shopify.com/s/files/1/0516/1677/6382/products/Vscrub02_13.png?v=1669475228,7,"",,,,,,,,,,,,,,,,,,,,,,
vitamin-c-kit,,,,,,,,,,,,,,,,,,,,,,,,,https://cdn.shopify.com/s/files/1/0516/1677/6382/products/Vscrub02_30_5bb87e48-cc15-4b10-8fab-ed17f1565abf.png?v=1669475247,8,"",,,,,,,,,,,,,,,,,,,,,,
vitamin-c-kit,,,,,,,,,,,,,,,,,,,,,,,,,https://cdn.shopify.com/s/files/1/0516/1677/6382/products/Vscrub02_19.png?v=1675762583,9,"",,,,,,,,,,,,,,,,,,,,,,
mhb-vitamin-c-toner,"MHB Vitamin C Toner with Witch Hazel, pH Balancing, Anti Aging, Face Primer (120ml)","<ul data-mce-fragment=""1"" class="""">
<li data-mce-fragment=""1"" class="""">MHB Vitamin C Toner, Facial Toner and PH Balancing Pore Minimizer with Witch Hazel, Anti Aging Toner for Face, Face Primer for Serum and Moisturizer</li>
<li data-mce-fragment=""1"" class="""">Item Form : Spray</li>
<li data-mce-fragment=""1"" class="""">Item Volume : 120mL</li>
<li data-mce-fragment=""1"" class="""">Skin Type : Oily, Combination, Sensitive, Dry, Normal</li>
<li data-mce-fragment=""1"" class="""">Material Type Free : Paraben free</li>
<li data-mce-fragment=""1"" data-spm-anchor-id=""a2a0e.pdp.product_detail.i0.686bKiKZKiKZjR"" class="""">Product Benefits : Hydrating, pH Balancing, Whitening, Anti-Aging, Acne Preventing, Exfoliating, Replenishing, Freshening, Oil Control, Soothing, Moisturizing, Nourishing, Smoothening, Softening, Brightening, Lightening, Rejuvenating, Cleansing, Makeup Removal Face Toner</li>
</ul>
<p><strong style=""font-size: 1.4em;"">Our face toner main ingredients are Vitamin C along with Witch Hazel, Vitamin C is a powerful antioxidant that reduces signs of aging such as fine lines and wrinkles, brightens the skin, and defends the skin against environmental aggressors whereas Witch Hazel has many benefits for skin, including relieving inflammation, it tightens pores, and helps with razor bumps. It may also help reduce acne, since it can cleanse your skin of excess oil.</strong></p>
<p><strong style=""font-size: 1.4em;"">MHB Vitamin C Toner is best paired with our entire MHB Vitamin C Collection. After cleansing with our Vitamin C Cleanser, apply toner. Follow with MHB Vitamin C Serum and MHB Vitamin C Moisturizer.</strong></p>
<p><strong style=""font-size: 1.4em;"">For best results, shake the bottle before use and lightly mist onto cleansed skin. This face toner also has a refreshing and soothing natural light citrus scent.</strong></p>
<br>
<div><strong></strong></div>
<div><strong></strong></div>",MHB - MEMOONA HEALTH & BEAUTY,,"",vitamin c tooner,true,Title,Default Title,,,,,"",200.0,shopify,3,deny,manual,300.00,,true,false,"",https://cdn.shopify.com/s/files/1/0516/1677/6382/products/tonernewwhiteringfinal.png?v=1674128752,1,"",false,,,,,,,,,,,,,,,kg,,150.00,true,,,active
mhb-vitamin-c-toner,,,,,,,,,,,,,,,,,,,,,,,,,https://cdn.shopify.com/s/files/1/0516/1677/6382/products/Vscrub02_16.png?v=1674128752,2,"",,,,,,,,,,,,,,,,,,,,,,
mhb-vitamin-c-toner,,,,,,,,,,,,,,,,,,,,,,,,,https://cdn.shopify.com/s/files/1/0516/1677/6382/products/Vscrub02_15.png?v=1674128752,3,"",,,,,,,,,,,,,,,,,,,,,,
mhb-vitamin-c-moisturizer-for-face-formulated-with-shea-butter-aloe-vera-and-niacinamide-250ml,"MHB Vitamin C Moisturizer for Face, Formulated with Shea Butter, Aloe Vera, and Niacinamide - 250ML","<ul class="""" data-mce-fragment=""1"">
<li class="""" data-spm-anchor-id=""a2a0e.pdp.product_detail.i0.564bv7wFv7wFTN"" data-mce-fragment=""1"">PERFECT FOR ALL SKIN TYPES - Helps with hyperpigmentation, fade scars and reduce fine lines. Also makes a great dark spot corrector for face. Can be used around the under eye area to help with dark circles and wrinkles. Great for women and men for daily use with maximum prescription strength effectiveness yet gentle enough for sensitive skin and is non comedogenic. Can be used day and night.</li>
</ul>",MHB - MEMOONA HEALTH & BEAUTY,Health & Beauty > Personal Care > Cosmetics > Skin Care > Lotion & Moisturizer,"",vitamin c moisturizer,true,Title,Default Title,,,,,"",300.0,shopify,10,deny,manual,850.00,,true,false,"",https://cdn.shopify.com/s/files/1/0516/1677/6382/products/Vscrub02_31.png?v=1668853902,1,"",false,,,,,,,,,,,,,,,kg,,300.00,true,,,active
mhb-vitamin-c-moisturizer-for-face-formulated-with-shea-butter-aloe-vera-and-niacinamide-250ml,,,,,,,,,,,,,,,,,,,,,,,,,https://cdn.shopify.com/s/files/1/0516/1677/6382/products/Vscrub02_27.png?v=1668853902,2,"",,,,,,,,,,,,,,,,,,,,,,
mhb-vitamin-c-moisturizer-for-face-formulated-with-shea-butter-aloe-vera-and-niacinamide-250ml,,,,,,,,,,,,,,,,,,,,,,,,,https://cdn.shopify.com/s/files/1/0516/1677/6382/products/Vscrub02_28.png?v=1668853902,3,"",,,,,,,,,,,,,,,,,,,,,,
mhb-vitamin-c-moisturizer-for-face-formulated-with-shea-butter-aloe-vera-and-niacinamide-120ml,"MHB Vitamin C Moisturizer for Face, Formulated with Shea Butter, Aloe Vera, and Niacinamide - 120ML","<ul class="""" data-mce-fragment=""1"">
<li class="""" data-spm-anchor-id=""a2a0e.pdp.product_detail.i0.564bv7wFv7wFTN"" data-mce-fragment=""1"">PERFECT FOR ALL SKIN TYPES - Helps with hyperpigmentation, fade scars and reduce fine lines. Also makes a great dark spot corrector for face. Can be used around the under eye area to help with dark circles and wrinkles. Great for women and men for daily use with maximum prescription strength effectiveness yet gentle enough for sensitive skin and is non comedogenic. Can be used day and night.</li>
</ul>",MHB - MEMOONA HEALTH & BEAUTY,,"",Vitamin c moisturizer,true,Title,Default Title,,,,,"",300.0,shopify,0,deny,manual,450.00,,true,false,"",https://cdn.shopify.com/s/files/1/0516/1677/6382/products/Vscrub02_25.png?v=1668853828,1,"",false,,,,,,,,,,,,,,,kg,,150.00,true,,,active
mhb-vitamin-c-moisturizer-for-face-formulated-with-shea-butter-aloe-vera-and-niacinamide-120ml,,,,,,,,,,,,,,,,,,,,,,,,,https://cdn.shopify.com/s/files/1/0516/1677/6382/products/Vscrub02_24.png?v=1668853828,2,"",,,,,,,,,,,,,,,,,,,,,,
mhb-vitamin-c-moisturizer-for-face-formulated-with-shea-butter-aloe-vera-and-niacinamide-120ml,,,,,,,,,,,,,,,,,,,,,,,,,https://cdn.shopify.com/s/files/1/0516/1677/6382/products/Vscrub02_30.png?v=1668853818,3,"",,,,,,,,,,,,,,,,,,,,,,
mhb-argan-oil-organic-100-pure-cold-pressed-premium-grade-pure-moisturizer-for-dry-damaged-skin-hair-face-body-scalp-nails-100ml,"MHB Argan Oil Organic 100% Pure Cold Pressed - Premium Grade Pure Moisturizer for Dry & Damaged Skin, Hair, Face, Body, Scalp & Nails - 100ML","<ul class="""" data-spm-anchor-id=""a2a0e.pdp.product_detail.i0.40a1tlfHtlfHO5"" data-mce-fragment=""1"">
<li class="""" data-mce-fragment=""1"">ULTIMATE SKIN MOISTURIZER: Argan Oil is a non-greasy, natural moisturizer that provides superior hydration to the skin and the face by assisting in the reduction of redness and other various skin irritations with its anti-aging properties.</li>
<li class="""" data-mce-fragment=""1"">REVITALIZING HAIR CONDITIONER: Argan Oil contains beneficial hair conditioning agents to treat split ends and tame frizzy hair by locking in moisture and penetrating hair strands with its naturally occurring vitamins to tame frizzy, brittle hair.</li>
<li class="""" data-mce-fragment=""1"">ENCOURAGES SKIN RESTORATION: Argan Oil has anti-aging properties including vital nutrients to restore skin’s elasticity and softness without clogging pores or causing further skin irritation.</li>
<li class="""" data-mce-fragment=""1"">PROMOTES SKIN PROTECTION: Argan Oil is high in vitamins and nutrients to repair dry, damaged skin and it promotes added protection from various environmental factors and toxins that often damage the skin.</li>
</ul>",MHB - MEMOONA HEALTH & BEAUTY,Health & Beauty > Personal Care > Cosmetics > Skin Care > Body Oil,"",Premium Oil,true,Title,Default Title,,,,,"",300.0,shopify,0,deny,manual,950.00,,true,false,"",https://cdn.shopify.com/s/files/1/0516/1677/6382/products/arganmockup.jpg?v=1667283399,1,"",false,,,,,,,,,,,,,,,kg,,300.00,true,,,active
mhb-argan-oil-organic-100-pure-cold-pressed-premium-grade-pure-moisturizer-for-dry-damaged-skin-hair-face-body-scalp-nails-100ml,,,,,,,,,,,,,,,,,,,,,,,,,https://cdn.shopify.com/s/files/1/0516/1677/6382/products/arganmockup2.jpg?v=1667283399,2,"",,,,,,,,,,,,,,,,,,,,,,
copy-of-mhb-argan-oil-organic-100-pure-cold-pressed-premium-grade-pure-moisturizer-for-dry-damaged-skin-hair-face-body-scalp-nails-50ml,"MHB Argan Oil Organic 100% Pure Cold Pressed - Premium Grade Pure Moisturizer for Dry & Damaged Skin, Hair, Face, Body, Scalp & Nails - 50ML","<ul class="""" data-spm-anchor-id=""a2a0e.pdp.product_detail.i0.40a1tlfHtlfHO5"" data-mce-fragment=""1"">
<li class="""" data-mce-fragment=""1"">ULTIMATE SKIN MOISTURIZER: Argan Oil is a non-greasy, natural moisturizer that provides superior hydration to the skin and the face by assisting in the reduction of redness and other various skin irritations with its anti-aging properties.</li>
<li class="""" data-mce-fragment=""1"">REVITALIZING HAIR CONDITIONER: Argan Oil contains beneficial hair conditioning agents to treat split ends and tame frizzy hair by locking in moisture and penetrating hair strands with its naturally occurring vitamins to tame frizzy, brittle hair.</li>
<li class="""" data-mce-fragment=""1"">ENCOURAGES SKIN RESTORATION: Argan Oil has anti-aging properties including vital nutrients to restore skin’s elasticity and softness without clogging pores or causing further skin irritation.</li>
<li class="""" data-mce-fragment=""1"">PROMOTES SKIN PROTECTION: Argan Oil is high in vitamins and nutrients to repair dry, damaged skin and it promotes added protection from various environmental factors and toxins that often damage the skin.</li>
</ul>",MHB - MEMOONA HEALTH & BEAUTY,Health & Beauty > Personal Care > Cosmetics > Skin Care > Body Oil,"",Premium Oil,true,Title,Default Title,,,,,"",300.0,shopify,9,deny,manual,320.00,,true,true,"",https://cdn.shopify.com/s/files/1/0516/1677/6382/products/amberbottlearganmock1.jpg?v=1667283449,1,"",false,,,,,,,,,,,,,,,kg,,200.00,true,,,active
copy-of-mhb-argan-oil-organic-100-pure-cold-pressed-premium-grade-pure-moisturizer-for-dry-damaged-skin-hair-face-body-scalp-nails-50ml,,,,,,,,,,,,,,,,,,,,,,,,,https://cdn.shopify.com/s/files/1/0516/1677/6382/products/amberbottlearganmock2.jpg?v=1667283449,2,"",,,,,,,,,,,,,,,,,,,,,,
castor-oil-organic-50ml,"CASTOR OIL ORGANIC FOR EYELASHES, EYEBROWS, HAIR GROWTH - 50ML","<h3>100% PURE, HEXANE-FREE COLD-PRESSED - NATURAL CONDITIONER FOR MEN &amp; WOMEN</h3>
<ul class="""" data-spm-anchor-id=""a2a0e.pdp.product_detail.i0.539fY5pxY5pxnn"" data-mce-fragment=""1"">
<li class="""" data-mce-fragment=""1"">✅ NO HARMFUL SUBSTANCES - Our organic unrefined castor oil is 100% pure and cold-pressed to keep its minerals, essential fatty acids, and nutrients intact. Each bottle has light-yellow color and mild odor.</li>
<li class="""" data-mce-fragment=""1"">✅ GET FULLER, THICKER HAIR - This versatile castor oil is rich in fatty acids that help nourish and condition the hair to help you get longer and healthier locks, eyebrows, and eyelashes.</li>
<li class="""" data-mce-fragment=""1"">✅ ENJOY GLOWING SUPPLE SKIN - Castor oil helps seal in moisture in your skin, making it an effective moisturizer. This serum is perfect for hydrating rough and dry patches on your elbows, knees, and scalp.</li>
<li class="""" data-mce-fragment=""1"">✅ KEEP YOUR NAILS WELL-CONDITIONED - Strengthen your nail beds by adding a few drops of this pure castor oil on your cuticles and nail plates to help prevent them from breaking and peeling.</li>
<li class="""" data-mce-fragment=""1"">✅ A HELPFUL GIFT FOR BEAUTY LOVERS - Our castor oil for hair growth and skincare is an amazing gift for beauty enthusiasts. Each bottle can be used for different applications anytime, anywhere.</li>
</ul>",MHB - MEMOONA HEALTH & BEAUTY,Health & Beauty > Personal Care > Cosmetics > Skin Care > Body Oil,"","Premium Oil, Premium Oils",true,Title,Default Title,,,,,"",0.0,shopify,12,deny,manual,260.00,,true,false,"",https://cdn.shopify.com/s/files/1/0516/1677/6382/products/amberbottlecastormock1.jpg?v=1667284140,1,"",false,,,,,,,,,,,,,,,kg,,100.00,true,,,active
castor-oil-organic-50ml,,,,,,,,,,,,,,,,,,,,,,,,,https://cdn.shopify.com/s/files/1/0516/1677/6382/products/amberbottlecastormock2.jpg?v=1667284139,2,"",,,,,,,,,,,,,,,,,,,,,,
mhb-vitamin-c-cleanser-300ml,MHB Vitamin C Cleanser - 300ML,"<span data-mce-fragment=""1"">THE PERFECT EVERYDAY CLEANSER: Keep your skin radiant and glowing all year round with MHB Vitamin C Cleanser. This powerful combination of Vitamin C, Vitamin E, Rose Hips Extract, and Green Tea instantly brightens and deeply cleanses your skin. Let your natural glow shine through!</span>",MHB - MEMOONA HEALTH & BEAUTY,,"",MHB FACEWASH,true,Title,Default Title,,,,,"",200.0,shopify,5,deny,manual,630.00,,true,false,"",https://cdn.shopify.com/s/files/1/0516/1677/6382/products/Vscrub02_2.png?v=1668853737,1,"",false,,,,,,,,,,,,,,,kg,,200.00,true,,,active
mhb-vitamin-c-cleanser-300ml,,,,,,,,,,,,,,,,,,,,,,,,,https://cdn.shopify.com/s/files/1/0516/1677/6382/products/Vscrub02_8.png?v=1668853669,2,"",,,,,,,,,,,,,,,,,,,,,,
mhb-vitamin-c-cleanser-300ml,,,,,,,,,,,,,,,,,,,,,,,,,https://cdn.shopify.com/s/files/1/0516/1677/6382/products/Vscrub02_12.png?v=1668853669,3,"",,,,,,,,,,,,,,,,,,,,,,
mhb-onion-hair-oil-nourishing-hair-fall-treatment-with-real-onion-extract-intensive-hair-fall-dandruff-treatment,MHB Onion Hair Oil - Nourishing Hair Fall Treatment With Real Onion Extract - Intensive Hair Fall Dandruff Treatment,"<ul class="""" data-mce-fragment=""1"">
<li class="""" data-mce-fragment=""1"">MHB Onion Hair Oil</li>
<li class="""" data-mce-fragment=""1"">Nourishing Hair Fall Treatment</li>
<li class="""" data-mce-fragment=""1"">With Real Onion Extract</li>
<li class="""" data-spm-anchor-id=""a2a0e.pdp.product_detail.i0.3773Kga0Kga0vH"" data-mce-fragment=""1"">Intensive Hair Fall Dandruff Treatment</li>
</ul>",MHB - MEMOONA HEALTH & BEAUTY,,"",Premium Oil,true,Title,Default Title,,,,,"",200.0,shopify,9,deny,manual,400.00,,true,false,"",https://cdn.shopify.com/s/files/1/0516/1677/6382/products/onionbottle01.jpg?v=1667287228,1,"",false,,,,,,,,,,,,,,,kg,,150.00,true,,,active
mhb-onion-hair-oil-nourishing-hair-fall-treatment-with-real-onion-extract-intensive-hair-fall-dandruff-treatment,,,,,,,,,,,,,,,,,,,,,,,,,https://cdn.shopify.com/s/files/1/0516/1677/6382/products/onionbottle02.jpg?v=1667287229,2,"",,,,,,,,,,,,,,,,,,,,,,
mhb-orange-oil-100-pure-and-natural-50ml,MHB Orange Oil - 100% Pure and Natural - 50ML,"<ul class="""" data-mce-fragment=""1"">
<li class="""" data-mce-fragment=""1"">100% Pure and Natural Orange Oil: Our orange citrus essential oils are free of any Additives and undiluted, making it the best orange essential oils for diffusers aromatherapy.</li>
<li class="""" data-mce-fragment=""1"">Orange Citrus Oil Reclaims Peace Of Mind: Orange Oils for diffuser is a naturally relaxing remedy. Orange diffuser oils are best suited for anyone with busy schedules.</li>
<li class="""" data-mce-fragment=""1"">Flaunt Healthy Skin: Some beauty enthusiasts use orange oil concentrate for its moisturizing and nourishing properties. Perfect Blend With Bergamot Oil for a rejuvenating skin serum.</li>
<li class="""" data-spm-anchor-id=""a2a0e.pdp.product_detail.i0.3c22BcybBcyb7T"" data-mce-fragment=""1"">Thoughtfully Cultivated &amp; Packaged in an amber bottle to ensure purity.</li>
</ul>",MHB - MEMOONA HEALTH & BEAUTY,,"",Premium Oil,true,Title,Default Title,,,,,"",300.0,shopify,9,deny,manual,500.00,,true,false,"",https://cdn.shopify.com/s/files/1/0516/1677/6382/products/amberbottleorange01.jpg?v=1667287329,1,"",false,,,,,,,,,,,,,,,kg,,100.00,true,,,active
mhb-orange-oil-100-pure-and-natural-50ml,,,,,,,,,,,,,,,,,,,,,,,,,https://cdn.shopify.com/s/files/1/0516/1677/6382/products/amberbottleorange02.jpg?v=1667287329,2,"",,,,,,,,,,,,,,,,,,,,,,
mhb-taramira-oil-100-naural,MHB TARAMIRA OIL - 100% NAURAL,"<ul class="""" data-mce-fragment=""1"">
<li class="""" data-spm-anchor-id=""a2a0e.pdp.product_detail.i0.3780Q41vQ41vMn"" data-mce-fragment=""1"">Taramira oil is extracted from the seeds of a drought resistant plant known as Eruca. This oil is popular in regions of poor rainfall i.e. Pakistan and India. The oil’s odor is highly pungent, and it is different from Mustard oil.</li>
</ul>",MHB - MEMOONA HEALTH & BEAUTY,,"",Premium Oil,true,Title,Default Title,,,,,"",0.0,shopify,10,deny,manual,180.00,200.00,true,false,"",https://cdn.shopify.com/s/files/1/0516/1677/6382/products/taramirabottle01.jpg?v=1667287392,1,"",false,,,,,,,,,,,,,,,kg,,150.00,true,,,active
mhb-taramira-oil-100-naural,,,,,,,,,,,,,,,,,,,,,,,,,https://cdn.shopify.com/s/files/1/0516/1677/6382/products/taramirabottle02.jpg?v=1667287392,2,"",,,,,,,,,,,,,,,,,,,,,,
mhb-glow-shine-rose-moisturizer-250ml,MHB GLOW & SHINE ROSE MOISTURIZER - 250ML,"<ul class="""" data-mce-fragment=""1"">
<li class="""" data-mce-fragment=""1"">A lightweight daily moisturizer that delivers every essential vitamin for healthy-looking skin, including clarifying and hydrating B3, brightening C, and soothing E.</li>
</ul>",MHB - MEMOONA HEALTH & BEAUTY,,"",FACE CARE,true,Title,Default Title,,,,,"",300.0,shopify,8,deny,manual,950.00,,true,false,"",https://cdn.shopify.com/s/files/1/0516/1677/6382/products/HeroImage.jpg?v=1667287658,1,"",false,,,,,,,,,,,,,,,kg,,300.00,true,,,active
mhb-glow-shine-rose-moisturizer-120ml,MHB GLOW & SHINE ROSE MOISTURIZER - 120ML,"<ul class="""" data-mce-fragment=""1"">
<li class="""" data-mce-fragment=""1"">A lightweight daily moisturizer that delivers every essential vitamin for healthy-looking skin, including clarifying and hydrating B3, brightening C, and soothing E.</li>
</ul>",MHB - MEMOONA HEALTH & BEAUTY,,"",FACE CARE,true,Title,Default Title,,,,,"",300.0,shopify,9,deny,manual,700.00,,true,false,"",https://cdn.shopify.com/s/files/1/0516/1677/6382/products/HeroImage_1.jpg?v=1667287713,1,"",false,,,,,,,,,,,,,,,kg,,200.00,true,,,active
mhb-rose-cleanser-anti-aging-face-wash-exfoliating-facial-cleansing-gel-reduces-wrinkles-dark-spots-blemishes-breakouts-for-clear-skin-with-natural-aloe-vera-evening-primrose-300ml,MHB Rose Cleanser - 300ML,"<p>MHB Rose Cleanser is the ultimate facial cleanser to reduce wrinkles and restore youthful skin. Formulated with natural aloe Vera and evening primrose oil, it gently exfoliates and targets dark spots, blemishes, and breakouts for clear, soft skin. Enjoy clean, beautiful skin with this 300ML size.</p>
<p>…</p>",MHB - MEMOONA HEALTH & BEAUTY,,"",MHB FACEWASH,true,Title,Default Title,,,,,"",300.0,shopify,4,deny,manual,875.00,,true,false,"",https://cdn.shopify.com/s/files/1/0516/1677/6382/products/IMG_20221125_130735_595.webp?v=1670033710,1,"",false,,,,,,,,,,,,,,,kg,,200.00,true,,,active
mhb-rose-cleanser-anti-aging-face-wash-exfoliating-facial-cleansing-gel-reduces-wrinkles-dark-spots-blemishes-breakouts-for-clear-skin-with-natural-aloe-vera-evening-primrose-300ml,,,,,,,,,,,,,,,,,,,,,,,,,https://cdn.shopify.com/s/files/1/0516/1677/6382/products/IMG_20221125_130735_904.webp?v=1670033711,2,"",,,,,,,,,,,,,,,,,,,,,,
mhb-rose-cleanser-anti-aging-face-wash-exfoliating-facial-cleansing-gel-reduces-wrinkles-dark-spots-blemishes-breakouts-for-clear-skin-with-natural-aloe-vera-evening-primrose-300ml,,,,,,,,,,,,,,,,,,,,,,,,,https://cdn.shopify.com/s/files/1/0516/1677/6382/products/IMG_20221125_130735_768.webp?v=1670033712,3,"",,,,,,,,,,,,,,,,,,,,,,
mhb-vitamin-c-anti-aging-moisturizing-day-cream,MHB Vitamin C Anti Aging Moisturizing Day Cream - Sun Block - SPF 50 - 50ml,"<ul data-mce-fragment=""1"">
<li data-mce-fragment=""1"">Give your skin a burst of energy with Nutri-Vitamin C Moisturizing Day Cream. A powerful combination of Vitamin C and Collagen</li>
<li data-mce-fragment=""1"">Works twice as hard to repair your skin on the outside while regenerating it deep inside</li>
<li data-mce-fragment=""1"">The loss of natural collagen over the years results in fine lines, wrinkles and sagging skin. Achieve a radiant appearance with the daily use of this revitalizing moisturizing cream</li>
<li data-mce-fragment=""1"">Vitamin C: In addition to promoting natural collagen production, it strengthens skin to prevent moisture loss. Evens skin tone by reducing the appearance of discoloration from scars and years of sun exposure</li>
</ul>",MHB - MEMOONA HEALTH & BEAUTY,Health & Beauty > Personal Care > Cosmetics > Skin Care > Lotion & Moisturizer,"",MHB FACE CARE,true,Title,Default Title,,,,,"",200.0,shopify,1,deny,manual,1500.00,,true,true,"",https://cdn.shopify.com/s/files/1/0516/1677/6382/products/HeroImage_7.png?v=1673020536,1,"",false,,,,,,,,,,,,,,,kg,,500.00,true,,,active
mhb-hair-care-bundle-argan-shampoo-conditioner-mask-hair-serum-hair-growth-oil,MHB HAIR CARE BUNDLE - ARGAN SHAMPOO CONDITIONER MASK - HAIR SERUM - HAIR GROWTH OIL,"<h3><strong>Argan oil Bundle</strong></h3>
<ul>
<li><strong>Shampoo 250ml</strong></li>
<li><strong>Conditioner 250ml</strong></li>
<li><strong>Hair Mask 150ml</strong></li>
<li><strong>Hair Oil 125ml</strong></li>
<li><strong>Hair Serum 100ml</strong></li>
</ul>",MHB - MEMOONA HEALTH & BEAUTY,Health & Beauty > Personal Care > Hair Care,"","ARGAN OIL HAIR MASK, HAIR MASK",true,Title,Default Title,,,,,"",1000.0,shopify,2,continue,manual,2250.00,,true,false,"",https://cdn.shopify.com/s/files/1/0516/1677/6382/files/97b829aee8c92f719ca3dc64f7edf513.png?v=1698450313,1,"",false,,,,,,,,,,,,,,,kg,,900.00,true,,,active
mhb-hair-care-bundle-argan-shampoo-conditioner-mask-hair-serum-hair-growth-oil,,,,,,,,,,,,,,,,,,,,,,,,,https://cdn.shopify.com/s/files/1/0516/1677/6382/files/SHAMPOO.png?v=1698450312,2,"",,,,,,,,,,,,,,,,,,,,,,
mhb-hair-care-bundle-argan-shampoo-conditioner-mask-hair-serum-hair-growth-oil,,,,,,,,,,,,,,,,,,,,,,,,,https://cdn.shopify.com/s/files/1/0516/1677/6382/files/CONDITIONER.png?v=1698450311,3,"",,,,,,,,,,,,,,,,,,,,,,
mhb-hair-care-bundle-argan-shampoo-conditioner-mask-hair-serum-hair-growth-oil,,,,,,,,,,,,,,,,,,,,,,,,,https://cdn.shopify.com/s/files/1/0516/1677/6382/products/HAIRCAREBUDNLE03.jpg?v=1698450313,4,"",,,,,,,,,,,,,,,,,,,,,,
mhb-hair-care-bundle-argan-shampoo-conditioner-mask-hair-serum-hair-growth-oil,,,,,,,,,,,,,,,,,,,,,,,,,https://cdn.shopify.com/s/files/1/0516/1677/6382/products/ARGANTYPEMASK_f1ae68d4-1505-4bd1-ab97-8c91dd11fc79.jpg?v=1698450314,5,"",,,,,,,,,,,,,,,,,,,,,,
mhb-hair-care-bundle-argan-shampoo-conditioner-mask-hair-serum-hair-growth-oil,,,,,,,,,,,,,,,,,,,,,,,,,https://cdn.shopify.com/s/files/1/0516/1677/6382/products/HAIRCAREBUDNLE02.jpg?v=1698450312,6,"",,,,,,,,,,,,,,,,,,,,,,
mhb-vitamin-c-shea-butter-sugar-scrub-150g,MHB VITAMIN C SHEA BUTTER SUGAR SCRUB - 150G,"<p>The Mhb Vitamin C Shea Butter Sugar Scrub is a luxurious skincare product that combines the benefits of exfoliation, hydration, and nourishment. With a weight of 150 grams, this scrub is designed to effectively remove dead skin cells, leaving your skin smooth, radiant, and revitalized.</p>
<p>The key ingredient in this scrub is Vitamin C, a powerful antioxidant known for its ability to brighten the skin and reduce the appearance of dark spots and uneven skin tone. It helps to promote a more youthful and vibrant complexion while protecting the skin against environmental damage.</p>
<p>Enriched with shea butter, the scrub provides intense moisture and hydration, helping to improve the skin's elasticity and softness. Shea butter is known for its deeply nourishing properties, leaving your skin feeling silky and supple.</p>
<p>The sugar particles in the scrub act as natural exfoliators, gently buffing away dull and dead skin cells, revealing a fresh layer of healthy skin. This exfoliation process helps to improve the texture of your skin, promoting a smoother and more even complexion.</p>
<p>The Mhb Vitamin C Shea Butter Sugar Scrub is suitable for all skin types and can be used on both the face and body. It has a delightful scent that adds a touch of indulgence to your skincare routine, making it a pleasure to use.</p>
<p>To use, simply take a small amount of the scrub and massage it onto damp skin in circular motions, focusing on areas that need extra attention. Rinse thoroughly with warm water to reveal beautifully revitalized and glowing skin.</p>
<p>Pamper yourself and elevate your skincare routine with the Mhb Vitamin C Shea Butter Sugar Scrub, and experience the benefits of exfoliation, hydration, and nourishment all in one luxurious product.</p>",MHB - MEMOONA HEALTH & BEAUTY,Health & Beauty > Personal Care > Cosmetics > Skin Care,"",FACE CARE,true,Title,Default Title,,,,,"",0.0,shopify,3,deny,manual,1550.00,,true,false,"",https://cdn.shopify.com/s/files/1/0516/1677/6382/products/Vscrub02.jpg?v=1698450312,1,"",false,,,,,,,,,,,,,,,kg,,550.00,true,,,active
activated-charcoal-shea-butter-whitening-anti-aging-soap-120g,ACTIVATED CHARCOAL + SHEA BUTTER WHITENING & ANTI-AGING SOAP - 120G,"<span data-mce-fragment=""1"">Indulge in a luxurious cleansing experience with our charcoal shea butter soap. This premium soap combines the cleansing power of activated charcoal with the moisturizing properties of shea butter to leave your skin feeling soft, smooth, and refreshed. Our soap is perfect for all skin types and is especially effective in treating acne, reducing the appearance of pores, and improving overall skin texture. The soap is handcrafted using only the finest ingredients and is free from harmful chemicals and additives.</span>",MHB - MEMOONA HEALTH & BEAUTY,Health & Beauty > Personal Care > Cosmetics > Bath & Body > Bar Soap,"",FACE CARE,true,Title,Default Title,,,,,"",200.0,shopify,18,continue,manual,750.00,,true,true,"",https://cdn.shopify.com/s/files/1/0516/1677/6382/files/mhbbundleSHEALG.jpg?v=1698450311,1,"",false,,,,,,,,,,,,,,,kg,,200.00,true,,,active
activated-charcoal-shea-butter-whitening-anti-aging-soap-120g,,,,,,,,,,,,,,,,,,,,,,,,,https://cdn.shopify.com/s/files/1/0516/1677/6382/files/soap.jpg?v=1698450311,2,"",,,,,,,,,,,,,,,,,,,,,,
activated-charcoal-shea-butter-whitening-anti-aging-soap-120g,,,,,,,,,,,,,,,,,,,,,,,,,https://cdn.shopify.com/s/files/1/0516/1677/6382/files/image_E0A-blk.jpg?v=1703078124,3,"",,,,,,,,,,,,,,,,,,,,,,
activated-charcoal-shea-butter-whitening-anti-aging-soap-120g,,,,,,,,,,,,,,,,,,,,,,,,,https://cdn.shopify.com/s/files/1/0516/1677/6382/files/image_bJF.jpg?v=1703078124,4,"",,,,,,,,,,,,,,,,,,,,,,
mhb-hair-serum-220ml,MHB Hair Serum -220ml,"<h3>Hair Growth Therapy Energizing Scalp Serum (220ml) with Argan Oil &amp; DHT Blockers, All Hair Types, Men &amp; Women (Packaging may vary)</h3>
<ul class="""" data-mce-fragment=""1"">
<li class="""" data-mce-fragment=""1"">
<p data-mce-fragment=""1"">Experience luxurious hair care with MHB Hair Growth Therapy Energizing Scalp Serum. Infused with Argan Oil and DHT Blockers, this highly effective formula caters to all hair types and promotes growth while strengthening the strands and nourishing the scalp. Providing an exclusive spa experience right at home, treat your locks to the best with MHB.</p>
</li>
</ul>",MHB - MEMOONA HEALTH & BEAUTY,Health & Beauty > Personal Care > Hair Care,HAIR SERUM,HAIR SERUM,true,Title,Default Title,,,,,,100.0,shopify,5,deny,manual,875.00,,true,false,,https://cdn.shopify.com/s/files/1/0516/1677/6382/files/main-canvas-64cceaefd070775f475b0e2b.png?v=1698450313,1,"",false,MHB Hair Growth Serum,Our Energizing Scalp Serum is engineered to help accelerate the results of our Hair Growth Therapy System. ,,,,,,,,,,,,,kg,,200.00,true,,,active
mhb-argan-oil-hair-mask-250ml,MHB Argan Oil Hair Mask - 250ml,"<h3>Deep Conditioning Keratin Hair Treatment with Vitamin E Moisturizing and Restorative 250ml</h3>
<p data-mce-fragment=""1""><span data-mce-fragment=""1""><strong data-mce-fragment=""1""><u data-spm-anchor-id=""a2a0e.pdp.product_detail.i0.62bf3076tqirAD"" data-mce-fragment=""1"">How to Use:</u></strong> Dry the Hair, than put the hair mask from the end of the hair, avoid the scalp-massage with finger pulp for 3 min, let every single hair absorb the nutrition Warm the hair with a hot towel for 5 -10 minute to accelerate the absorb then washout</span></p>
<ul data-mce-fragment=""1"">
<li data-mce-fragment=""1""><span data-mce-fragment=""1"">SAFETY WARNING: For external use only. Rub a very small amount on the inside of your elbow area to test for any allergic reaction before use. Avoid contact with eyes, keep out of the reach of children.</span></li>
</ul>",MHB - MEMOONA HEALTH & BEAUTY,,HAIR MASK,"ARGAN OIL, ARGAN OIL HAIR MASK, Deep Conditioning, HAIR MASK, Keratin Hair Treatment, MHB HAIR MASK, MHB HAIRMASK",true,Title,Default Title,,,,,,200.0,shopify,6,deny,manual,875.00,,true,false,,https://cdn.shopify.com/s/files/1/0516/1677/6382/files/main-canvas-649eae8e94d205fbc924af73.png?v=1698450311,1,"",false,,,,,,,,,,,,,,,kg,,270.00,true,,,active
mhb-argan-oil-hair-mask-250ml,,,,,,,,,,,,,,,,,,,,,,,,,https://cdn.shopify.com/s/files/1/0516/1677/6382/files/main-canvas-64cd16f06116225c804a8bdd.png?v=1698450310,2,"",,,,,,,,,,,,,,,,,,,,,,
argan-oil-shampoo-conditioner,MHB ARGAN OIL SHAMPOO & CONDITIONER,"<h3></h3>
<blockquote>
<h5><span>ARGAN OIL SHAMPOO &amp; CONDITIONER</span></h5>
</blockquote>
<p><span>Sulfate-free shampoo and conditioner are hair care products that do not contain sulfates, which are harsh detergents commonly found in traditional shampoos and cleansers. Sulfates can strip the hair of its natural oils, leaving it dry and prone to damage. Sulfate-free formulas are gentler and can help maintain the natural moisture balance of the scalp and hair. They may contain alternative cleansing agents such as coco betaine or sodium cocoyl isethionate. Sulfate-free conditioners are designed to nourish and detangle hair without weighing it down or leaving a residue. They may contain natural oils, plant extracts, or hydrolyzed proteins to help strengthen and protect the hair. Sulfate-free hair care is a good choice for people with sensitive scalps, color-treated hair, or those who prefer a more natural approach to hair care.</span></p>",MHB - MEMOONA HEALTH & BEAUTY,Health & Beauty > Personal Care > Hair Care > Hair Care Kits,SHAMPOO,"ARGAN OIL, Deep Conditioning, HERBAL SHAMPOO",true,Title,Default Title,,,,,ArganBundle01,200.0,shopify,6,deny,manual,980.00,,true,false,,https://cdn.shopify.com/s/files/1/0516/1677/6382/files/9f15059e568e3af452dcc900fe3b28da_1d508bea-db72-4c79-93d3-488303b27245.jpg?v=1698450310,1,"",false,ARGAN OIL SHAMPOO & CONDITIONER,,,,,,,,,,,,,,kg,,400.00,true,,,active
argan-oil-shampoo-conditioner,,,,,,,,,,,,,,,,,,,,,,,,,https://cdn.shopify.com/s/files/1/0516/1677/6382/files/arganoilshampoo_3857d873-8f28-44eb-adff-7f02f525c628.png?v=1698450311,2,"",,,,,,,,,,,,,,,,,,,,,,
argan-oil-shampoo-conditioner,,,,,,,,,,,,,,,,,,,,,,,,,https://cdn.shopify.com/s/files/1/0516/1677/6382/files/CONDITIONERORDERNOW_ed00635c-a119-4066-b7f0-6f4bcb973c8f.png?v=1698450312,3,"",,,,,,,,,,,,,,,,,,,,,,
argan-oil-shampoo-conditioner,,,,,,,,,,,,,,,,,,,,,,,,,https://cdn.shopify.com/s/files/1/0516/1677/6382/files/IMPRFORMSHAMPOO_2b584ec8-1c5d-421a-ae1a-5eb62caee860.png?v=1698450311,4,"",,,,,,,,,,,,,,,,,,,,,,
argan-oil-shampoo-conditioner,,,,,,,,,,,,,,,,,,,,,,,,,https://cdn.shopify.com/s/files/1/0516/1677/6382/files/UNIBANNER_929ec308-1c64-4e08-831e-717f75802f98.png?v=1698450311,5,"",,,,,,,,,,,,,,,,,,,,,,
apple-cider-vinegar-sulfate-free-shampoo,Apple Cider Vinegar Sulfate-Free Shampoo Natural DHT Blocker,"Experience the best hair care with our Natural DHT blocker-infused, sulfate-free Apple Cider Vinegar Shampoo. Our expertly created solution is made to hydrate your hair, stop hair loss, and encourage strong growth. Learn about the advantages of an all-natural method for achieving stronger, shinier, and more vivid hair. With our Apple Cider Vinegar DHT-blocking shampoo, bid sulfates farewell and welcome to a refreshed mane.",MHB - MEMOONA HEALTH & BEAUTY,Health & Beauty > Personal Care > Hair Care > Shampoo & Conditioner > Shampoo,SHAMPOO,"SLS FREE SHAMPOO, Sulfate Free, Sulfate Free Shampoo",true,Title,Default Title,,,,,"",200.0,shopify,50,deny,manual,1250.00,,true,true,"",https://cdn.shopify.com/s/files/1/0516/1677/6382/files/AppleCiderVinegarSulfate-FreeShampoowithDHTBlocker.png?v=1698450311,1,Apple Cider Vinegar Sulfate-Free Shampoo with DHT Blocker,false,,,,,,,,,,,,,,,kg,,600.00,true,,,active
argan-oil-sulfate-free-shampoo,Argan Oil Sulfate-Free Shampoo Natural DHT Blocker,"<span>Indulge in the luxurious care of our sulfate-free Argan Oil Shampoo, a natural DHT blocker that pampers your hair from root to tip. Infused with the enriching goodness of Argan Oil, this shampoo is a secret to stronger, more voluminous locks. Experience the magic of this gentle, sulfate-free formula, as it cleanses, nourishes, and protects your hair, leaving it looking and feeling healthier than ever. Say hello to beautiful hair, naturally.</span>",MHB - MEMOONA HEALTH & BEAUTY,Health & Beauty > Personal Care > Hair Care > Shampoo & Conditioner > Shampoo,SHAMPOO,"SLS FREE SHAMPOO, Sulfate Free, Sulfate Free Shampoo",true,Title,Default Title,,,,,,200.0,shopify,20,deny,manual,1150.00,,true,true,,https://cdn.shopify.com/s/files/1/0516/1677/6382/files/ArganOilSulfate-FreeShampooNaturalDHTBlocker.png?v=1698450310,1,Argan Oil Sulfate-Free Shampoo Natural DHT Blocker,false,,,,,,,,,,,,,,,kg,,600.00,true,,,active
argan-oil-conditioner-with-shea-butter,Argan Oil Conditioner with Shea Butter Paraben free,"<span>Elevate your hair care routine with our Paraben-Free Argan Oil Conditioner enriched with Shea Butter. This dynamic duo offers the perfect blend of natural ingredients to nourish and revitalize your hair. The Argan Oil imparts a luxurious softness and shine, while Shea Butter provides deep, lasting hydration. Say goodbye to parabens and hello to hair that's not only beautifully conditioned but also free from harmful additives. Experience the richness of this conditioner and embrace the beauty of healthier, more radiant locks.</span>",MHB - MEMOONA HEALTH & BEAUTY,Health & Beauty > Personal Care > Hair Care > Shampoo & Conditioner > Conditioners,CONDITIONER,Conditioner,true,Title,Default Title,,,,,,200.0,shopify,20,deny,manual,910.00,,true,true,,https://cdn.shopify.com/s/files/1/0516/1677/6382/files/ArganOilConditionerwithSheaButterParabenfree.png?v=1698450311,1,"",false,,,,,,,,,,,,,,,kg,,600.00,true,,,active
apple-cider-vinegar-conditioner-with-keratin,Apple Cider Vinegar Conditioner with Keratin Paraben Free,"<span>Discover the transformative power of our Paraben-Free Apple Cider Vinegar Conditioner infused with the strengthening benefits of Keratin. This unique conditioner is designed to restore and revitalize your hair, leaving it smoother, shinier, and more manageable. The natural acidity of apple cider vinegar helps balance your hair's pH, while Keratin adds strength and resilience to every strand. Bid farewell to parabens and say hello to luscious, healthier hair. Experience the ultimate blend of nature's best for a luxurious, paraben-free hair care journey.</span>",MHB - MEMOONA HEALTH & BEAUTY,Health & Beauty > Personal Care > Hair Care > Shampoo & Conditioner > Conditioners,CONDITIONER,Conditioner,true,Title,Default Title,,,,,,200.0,shopify,20,deny,manual,1000.00,,true,true,,https://cdn.shopify.com/s/files/1/0516/1677/6382/files/AppleCiderVinegarConditionerwithKeratinParabenFree.png?v=1698450310,1,Apple Cider Vinegar Conditioner with Keratin Paraben Free,false,,"Discover the transformative power of our Paraben-Free Apple Cider Vinegar Conditioner infused with the strengthening benefits of Keratin. This unique conditioner is designed to restore and revitalize your hair, leaving it smoother, shinier, and more manageable. ",,,,,,,,,,,,,kg,,600.00,true,,,active
argan-oil-sulfate-free-shampoo-conditioner-with-shea-butter,Argan Oil Sulfate-Free Shampoo & Conditioner with Shea Butter - Paraben free -  250ML Each,"<ul data-mce-fragment=""1"">
<li data-mce-fragment=""1"">
<p data-mce-fragment=""1"">Indulge your hair with the ultimate pampering experience with our Argan Oil Sulfate-Free Shampoo &amp; Conditioner, enriched with nourishing Shea Butter and meticulously crafted to be paraben-free.</p>
<p data-spm-anchor-id=""0.0.0.i2.7d927463fxXhha"" data-mce-fragment=""1"">Unleash the power of Argan Oil, a liquid gold hailing from Morocco, renowned for its exceptional ability to moisturize and revitalize hair from root to tip. Our sulfate-free formula gently cleanses, preserving your hair's natural oils and color while reducing frizz, leaving your locks feeling irresistibly soft and lustrous.</p>
<p data-mce-fragment=""1"">Infused with the richness of Shea Butter, known for its deep conditioning properties, this duo offers intense hydration and tames unruly tresses, making your hair more manageable and touchably smooth.</p>
<p data-spm-anchor-id=""0.0.0.i1.7d927463fxXhha"" data-mce-fragment=""1"">Our 250ML bottles ensure a long-lasting supply of luxurious care for your hair. Revel in the exquisite blend of natural ingredients, making each wash a revitalizing ritual, leaving your hair beautifully nourished, paraben-free, and radiantly healthy.</p>
<p data-mce-fragment=""1"">Rediscover the brilliance of your hair with our Argan Oil Sulfate-Free Shampoo &amp; Conditioner with Shea Butter, and embrace the lush, silky, and paraben-free hair you deserve.</p>
</li>
</ul>",MHB - MEMOONA HEALTH & BEAUTY,,"","ARGAN OIL, Conditioner, SULFATE BUNDLE, SULFATE FREE BUNDLE, Sulfate Free Shampoo",true,Title,Default Title,,,,,"",200.0,shopify,9,deny,manual,1950.00,2400.00,true,false,"",https://cdn.shopify.com/s/files/1/0516/1677/6382/files/main-canvas-6538f24c37ace14c0978975a.png?v=1698450310,1,Argan Oil Sulfate-Free Shampoo & Conditioner with Shea Butter - Paraben free -  250ML Each,false,Argan Oil Shampoo & Conditioner with Shea Butter,"Indulge your hair with the ultimate pampering experience with our Argan Oil Sulfate-Free Shampoo & Conditioner, enriched with nourishing Shea Butter and meticulously crafted to be paraben-free. Unleash the power of Argan Oil, a liquid gold hailing from Morocco, renowned for its exceptional ability to moisturize",,,,,,,,,,,,,kg,,1000.00,true,,,active
argan-oil-sulfate-free-shampoo-conditioner-with-shea-butter,,,,,,,,,,,,,,,,,,,,,,,,,https://cdn.shopify.com/s/files/1/0516/1677/6382/files/main-canvas-6538edef37ace14c097896f6.png?v=1698503481,2,Argan Oil Sulfate-Free Shampoo & Conditioner with Shea Butter - Paraben free -  250ML Each,,,,,,,,,,,,,,,,,,,,,,
argan-oil-sulfate-free-shampoo-conditioner-with-shea-butter,,,,,,,,,,,,,,,,,,,,,,,,,https://cdn.shopify.com/s/files/1/0516/1677/6382/files/main-canvas-6533b5401945d5f1c37fafe4_c469bdc1-4f4e-470f-aff2-2b7f3cfd8135.png?v=1698503481,3,Argan Oil Sulfate-Free Shampoo & Conditioner with Shea Butter - Paraben free -  250ML Each,,,,,,,,,,,,,,,,,,,,,,
argan-oil-sulfate-free-shampoo-conditioner-with-shea-butter,,,,,,,,,,,,,,,,,,,,,,,,,https://cdn.shopify.com/s/files/1/0516/1677/6382/files/main-canvas-6538ed9e37ace14c097896ec.png?v=1698503481,4,Argan Oil Sulfate-Free Shampoo & Conditioner with Shea Butter - Paraben free -  250ML Each,,,,,,,,,,,,,,,,,,,,,,
argan-oil-sulfate-free-shampoo-conditioner-with-shea-butter,,,,,,,,,,,,,,,,,,,,,,,,,https://cdn.shopify.com/s/files/1/0516/1677/6382/files/main-canvas-65382c81c4b4638d17c4fd36.png?v=1698503481,5,Argan Oil Sulfate-Free Shampoo & Conditioner with Shea Butter - Paraben free -  250ML Each,,,,,,,,,,,,,,,,,,,,,,
argan-oil-sulfate-free-shampoo-conditioner-with-shea-butter,,,,,,,,,,,,,,,,,,,,,,,,,https://cdn.shopify.com/s/files/1/0516/1677/6382/files/MHBARGANBUNDLE.png?v=1698503481,6,Argan Oil Sulfate-Free Shampoo & Conditioner with Shea Butter - Paraben free -  250ML Each,,,,,,,,,,,,,,,,,,,,,,
argan-oil-sulfate-free-shampoo-conditioner-with-shea-butter,,,,,,,,,,,,,,,,,,,,,,,,,https://cdn.shopify.com/s/files/1/0516/1677/6382/files/ArganOilConditionerwithSheaButterParabenfree_7755ea8f-d514-4aba-9cad-963e49479ac6.png?v=1698503481,7,"",,,,,,,,,,,,,,,,,,,,,,
argan-oil-sulfate-free-shampoo-conditioner-with-shea-butter,,,,,,,,,,,,,,,,,,,,,,,,,https://cdn.shopify.com/s/files/1/0516/1677/6382/files/ArganOilSulfate-FreeShampooNaturalDHTBlocker_b4dc6112-6837-4fc8-b372-d48d422a98ff.png?v=1698503481,8,"",,,,,,,,,,,,,,,,,,,,,,
apple-cider-vinegar-sulfate-free-shampoo-apple-cider-vinegar-conditioner-with-keratin-paraben-free-250ml-each,Apple Cider Vinegar Sulfate-Free Shampoo &  Apple Cider Vinegar Conditioner with Keratin  - Paraben Free - 250ML Each,"<ul data-mce-fragment=""1"">
<li data-mce-fragment=""1"">
<p data-spm-anchor-id=""0.0.0.i6.ae4c7463F6diqN"" data-mce-fragment=""1"">Experience the crisp and invigorating benefits of our Apple Cider Vinegar Sulfate-Free Shampoo and Apple Cider Vinegar Conditioner with Keratin, carefully designed to be paraben-free and conveniently packaged in 250ML bottles.<br data-mce-fragment=""1""><br data-mce-fragment=""1"">Delight in the time-honored tradition of using apple cider vinegar to revitalize your hair. Our sulfate-free shampoo gently cleanses, allowing your hair to maintain its natural oils and shine while removing buildup. Enriched with the goodness of apple cider vinegar, it balances your scalp's pH, promoting a healthy environment for hair growth and vibrancy.<br data-mce-fragment=""1""><br data-mce-fragment=""1"">Complement your cleansing routine with our Apple Cider Vinegar Conditioner infused with Keratin. Keratin is renowned for its ability to strengthen and protect hair, leaving it smoother and more resilient. This paraben-free conditioner seals the deal, locking in moisture and restoring your hair's natural luster.<br data-mce-fragment=""1""><br data-mce-fragment=""1"">Our dynamic duo offers you the best of nature and science, ensuring your hair is paraben-free and naturally beautiful. Together, they work to clarify, rejuvenate, and fortify your locks, revealing a radiant and revitalized mane that's ready to shine.<br data-mce-fragment=""1""><br data-mce-fragment=""1"">Discover the transformation with our Apple Cider Vinegar Sulfate-Free Shampoo and Apple Cider Vinegar Conditioner with Keratin - a paraben-free blend that will leave your hair looking and feeling its best. Experience the pure and refreshing benefits of apple cider vinegar for yourself.</p>
</li>
</ul>",MHB - MEMOONA HEALTH & BEAUTY,Health & Beauty > Personal Care > Hair Care > Hair Care Kits,"","Conditioner, SLS FREE SHAMPOO, SULFATE BUNDLE, SULFATE FREE BUNDLE, Sulfate Free Shampoo",true,Title,Default Title,,,,,"",200.0,shopify,9,deny,manual,2000.00,2500.00,true,false,"",https://cdn.shopify.com/s/files/1/0516/1677/6382/files/main-canvas-6538f06837ace14c09789740.png?v=1698450310,1,Apple Cider Vinegar Sulfate-Free Shampoo &  Apple Cider Vinegar Conditioner with Keratin  - Paraben Free - 250ML Each,false,Apple Cider Vinegar Shampoo &  Conditioner with Keratin - Paraben Free,"Experience the crisp and invigorating benefits of our Apple Cider Vinegar Sulfate-Free Shampoo and Apple Cider Vinegar Conditioner with Keratin, carefully designed to be paraben-free and conveniently packaged in 250ML bottles. Delight in the time-honored tradition of using apple cider vinegar to revitalize your hair.",,,,,,,,,,,,,kg,,1000.00,true,,,active
apple-cider-vinegar-sulfate-free-shampoo-apple-cider-vinegar-conditioner-with-keratin-paraben-free-250ml-each,,,,,,,,,,,,,,,,,,,,,,,,,https://cdn.shopify.com/s/files/1/0516/1677/6382/files/main-canvas-6538ed7137ace14c097896df.png?v=1698503467,2,"",,,,,,,,,,,,,,,,,,,,,,
apple-cider-vinegar-sulfate-free-shampoo-apple-cider-vinegar-conditioner-with-keratin-paraben-free-250ml-each,,,,,,,,,,,,,,,,,,,,,,,,,https://cdn.shopify.com/s/files/1/0516/1677/6382/files/main-canvas-65318ccc13026534f23ebabe_df5a1a24-8920-4f3b-b8bf-4ce2510fa072.png?v=1698503467,3,Apple Cider Vinegar Sulfate-Free Shampoo &  Apple Cider Vinegar Conditioner with Keratin  - Paraben Free - 250ML Each,,,,,,,,,,,,,,,,,,,,,,
apple-cider-vinegar-sulfate-free-shampoo-apple-cider-vinegar-conditioner-with-keratin-paraben-free-250ml-each,,,,,,,,,,,,,,,,,,,,,,,,,https://cdn.shopify.com/s/files/1/0516/1677/6382/files/main-canvas-6537e529ead659ebd7065446.png?v=1698503467,4,Apple Cider Vinegar Sulfate-Free Shampoo &  Apple Cider Vinegar Conditioner with Keratin  - Paraben Free - 250ML Each,,,,,,,,,,,,,,,,,,,,,,
apple-cider-vinegar-sulfate-free-shampoo-apple-cider-vinegar-conditioner-with-keratin-paraben-free-250ml-each,,,,,,,,,,,,,,,,,,,,,,,,,https://cdn.shopify.com/s/files/1/0516/1677/6382/files/main-canvas-6538ed3837ace14c097896d4.png?v=1698503467,5,Apple Cider Vinegar Sulfate-Free Shampoo &  Apple Cider Vinegar Conditioner with Keratin  - Paraben Free - 250ML Each,,,,,,,,,,,,,,,,,,,,,,
apple-cider-vinegar-sulfate-free-shampoo-apple-cider-vinegar-conditioner-with-keratin-paraben-free-250ml-each,,,,,,,,,,,,,,,,,,,,,,,,,https://cdn.shopify.com/s/files/1/0516/1677/6382/files/MHBAPPLECIDERBUNDLE.png?v=1698503467,6,Apple Cider Vinegar Sulfate-Free Shampoo &  Apple Cider Vinegar Conditioner with Keratin  - Paraben Free - 250ML Each,,,,,,,,,,,,,,,,,,,,,,
apple-cider-vinegar-sulfate-free-shampoo-apple-cider-vinegar-conditioner-with-keratin-paraben-free-250ml-each,,,,,,,,,,,,,,,,,,,,,,,,,https://cdn.shopify.com/s/files/1/0516/1677/6382/files/AppleCiderVinegarConditionerwithKeratinParabenFree_aa3187de-b558-4886-96ca-1b116b60e64c.png?v=1698503467,7,Apple Cider Vinegar Conditioner with Keratin Paraben Free,,,,,,,,,,,,,,,,,,,,,,
apple-cider-vinegar-sulfate-free-shampoo-apple-cider-vinegar-conditioner-with-keratin-paraben-free-250ml-each,,,,,,,,,,,,,,,,,,,,,,,,,https://cdn.shopify.com/s/files/1/0516/1677/6382/files/AppleCiderVinegarSulfate-FreeShampoowithDHTBlocker_6858808a-faaa-4af5-bf7b-49bab7e7a92a.png?v=1698503467,8,Apple Cider Vinegar Sulfate-Free Shampoo with DHT Blocker,,,,,,,,,,,,,,,,,,,,,,
mhb-shea-butter-cream-anti-aging-anti-wrinkle-spf-50,MHB  Shea Butter Cream - Anti-Aging Anti-Wrinkle - SPF 50,"<p data-mce-fragment=""1"">How to Use:</p>
<p data-spm-anchor-id=""a2a0e.pdp.product_detail.i0.1e9c62bay0PN77"" data-mce-fragment=""1"">Apply on cleansed skin during the day, and gently massage till absorbed. For best results use daily.</p>",MEMOONA HEALTH & BEAUTY (M.H.B),Health & Beauty > Personal Care > Cosmetics > Skin Care,"",FACE CARE,true,Title,Default Title,,,,,"",0.0,shopify,10,deny,manual,1500.00,,true,true,"",https://cdn.shopify.com/s/files/1/0516/1677/6382/files/shea02.jpg?v=1702373429,1,"",false,,,,,,,,,,,,,,,kg,,880.00,true,,,active
mhb-shea-butter-cream-anti-aging-anti-wrinkle-spf-50,,,,,,,,,,,,,,,,,,,,,,,,,https://cdn.shopify.com/s/files/1/0516/1677/6382/files/shea01.jpg?v=1702373429,2,"",,,,,,,,,,,,,,,,,,,,,,
mhb-anti-hairfall-bundle,MHB Anti-Hairfall Bundle - Shampoo - Conditioner - Hair Mask - Hair Oil - Hair Serum (Pack of 5),"<p>1. Red Onion Black Seed Oil Sulfate-Free Shampoo  - 250ml</p>
<p>2. Red Onion Conditioner with Biotin - Paraben free - 250ml</p>
<p>3. Argan Oil Hair Mask 250ml</p>
<p>4. Hair Growth Oil 125ml</p>
<p>5. Hair Serum 220ml</p>",MEMOONA HEALTH & BEAUTY (M.H.B),Health & Beauty > Personal Care > Hair Care,"",SULFATE FREE BUNDLE,true,Title,Default Title,,,,,"",500.0,shopify,10,continue,manual,4700.00,,true,true,"",https://cdn.shopify.com/s/files/1/0516/1677/6382/files/AntiHairFallBundle.jpg?v=1702997568,1,MHB Anti-Hairfall Bundle - Shampoo - Conditioner - Hair Mask - Hair Oil - Hair Serum (Pack of 5),false,,,,,,,,,,,,,,,kg,,2800.00,true,,,active
mhb-anti-hairfall-bundle,,,,,,,,,,,,,,,,,,,,,,,,,https://cdn.shopify.com/s/files/1/0516/1677/6382/files/MHBREDONIONBUNDLE2.jpg?v=1702997567,2,1. Red Onion Black Seed Oil Sulfate-Free Shampoo  - 250ml  2. Red Onion Conditioner with Biotin - Paraben free - 250ml,,,,,,,,,,,,,,,,,,,,,,
mhb-anti-hairfall-bundle,,,,,,,,,,,,,,,,,,,,,,,,,https://cdn.shopify.com/s/files/1/0516/1677/6382/files/main-canvas-65311bd4bbde767f503585d2.jpg?v=1702997566,3,1. Red Onion Black Seed Oil Sulfate-Free Shampoo  - 250ml  2. Red Onion Conditioner with Biotin - Paraben free - 250ml,,,,,,,,,,,,,,,,,,,,,,
mhb-anti-hairfall-bundle,,,,,,,,,,,,,,,,,,,,,,,,,https://cdn.shopify.com/s/files/1/0516/1677/6382/files/main-canvas-655dd2face7bc0376718a7f6.png?v=1702997567,4,Hair Growth Oil 125ml,,,,,,,,,,,,,,,,,,,,,,
mhb-anti-hairfall-bundle,,,,,,,,,,,,,,,,,,,,,,,,,https://cdn.shopify.com/s/files/1/0516/1677/6382/files/main-canvas-655dd539ce7bc0376718a837.jpg?v=1702997567,5,Argan Oil Hair Mask 250ml,,,,,,,,,,,,,,,,,,,,,,
mhb-anti-hairfall-bundle,,,,,,,,,,,,,,,,,,,,,,,,,https://cdn.shopify.com/s/files/1/0516/1677/6382/files/main-canvas-64cceaefd070775f475b0e2b_54a0e003-0f05-4f68-97ca-1c2e87ef2b12.png?v=1702997566,6,Hair Serum 220ml,,,,,,,,,,,,,,,,,,,,,,
mhb-journey-box,MHB Journey Box,"<p>1. Apple Cider vinegar Sulfate free Shampoo</p>
<p>2. Midnight Miracle Retinol Cream</p>
<p>3. Shea Butter Cream Spf-50</p>
<p>4. Rose Moisturizer 120ml</p>",MHB - MEMOONA HEALTH & BEAUTY,,"","FACE CARE, GLOW & SHINE, SULFATE FREE BUNDLE",true,Title,Default Title,,,,,"",0.0,shopify,10,deny,manual,5250.00,,true,false,,https://cdn.shopify.com/s/files/1/0516/1677/6382/files/IMG-20240102-WA0020.jpg?v=1704210045,1,"",false,,,,,,,,,,,,,,,kg,,3500.00,true,,,active
mhb-feminine-intimate-wash-250ml,MHB Feminine Intimate Wash - 250ml,"""MHB Feminine Intimate Wash"" is a premium personal care product designed specifically for the intimate hygiene needs of women. Crafted with utmost care and attention to detail, this gentle yet effective wash is formulated to maintain the delicate pH balance of the intimate area, keeping it fresh, clean, and free from discomfort.<br data-mce-fragment=""1""><br data-mce-fragment=""1"">Infused with natural and soothing ingredients like aloe vera, chamomile, and tea tree oil, MHB Feminine Intimate Wash offers a refreshing and calming experience with every use. It is free from harsh chemicals, parabens, and artificial fragrances, ensuring a safe and gentle cleansing routine for daily use.<br data-mce-fragment=""1""><br data-mce-fragment=""1"">The carefully curated formula of MHB Feminine Intimate Wash helps to prevent irritation, itching, and unpleasant odors, promoting overall intimate health and confidence. Its mild and non-irritating nature makes it suitable for all skin types, even for those with sensitive skin.<br data-mce-fragment=""1""><br data-mce-fragment=""1"">Packaged in a convenient and discreet bottle, MHB Feminine Intimate Wash is the perfect addition to every woman's personal care regimen, providing a sense of cleanliness, comfort, and well-being. Trust MHB Feminine Intimate Wash for a refreshing and rejuvenating experience that prioritizes the intimate health and hygiene of women everywhere.",MEMOONA HEALTH & BEAUTY (M.H.B),,"","intimate, self care",true,Title,Default Title,,,,,"",0.0,shopify,15,deny,manual,1675.00,,true,true,"",https://cdn.shopify.com/s/files/1/0516/1677/6382/files/mhbintimatewash.jpg?v=1706711463,1,"",false,,,,,,,,,,,,,,,kg,,1200.00,true,,,active
mhb-watermelon-scrub-50g,MHB Watermelon Scrub - 150g,"""MHB Watermelon Scrub"" is a luxurious exfoliating scrub formulated to revitalize and nourish the skin, leaving it feeling smooth, soft, and refreshed. Inspired by the invigorating properties of watermelon, this scrub is infused with natural extracts and essential oils to provide a rejuvenating skincare experience.<br data-mce-fragment=""1""><br data-mce-fragment=""1"">The key ingredient, watermelon extract, is rich in vitamins and antioxidants, helping to hydrate the skin and protect it from environmental stressors. Combined with fine exfoliating particles, such as sugar or salt crystals, the scrub gently buffs away dead skin cells, revealing a brighter and more radiant complexion underneath.<br data-mce-fragment=""1""><br data-mce-fragment=""1"">MHB Watermelon Scrub is delicately scented with the refreshing aroma of watermelon, creating a sensory experience that uplifts the senses and invigorates the mind. The formula is also enriched with nourishing oils like coconut or jojoba oil, which help to moisturize and soften the skin, leaving it feeling silky smooth and supple after each use.<br data-mce-fragment=""1""><br data-mce-fragment=""1"">This indulgent scrub is suitable for all skin types and can be used 2-3 times a week to maintain smooth and healthy-looking skin. Packaged in a convenient jar or tube, MHB Watermelon Scrub is a must-have addition to your skincare routine, offering a spa-like experience in the comfort of your own home. Treat yourself to the revitalizing benefits of MHB Watermelon Scrub and enjoy a radiant glow that radiates from within.",MEMOONA HEALTH & BEAUTY (M.H.B),,"",SHEA BUTTER,true,Title,Default Title,,,,,"",200.0,shopify,24,deny,manual,1550.00,,true,false,"",https://cdn.shopify.com/s/files/1/0516/1677/6382/files/MHBWatermelonScrub-50g.png?v=1708589369,1,"",false,,,,,,,,,,,,,,,kg,,1200.00,true,,,active
mhb-watermelon-scrub-50g,,,,,,,,,,,,,,,,,,,,,,,,,https://cdn.shopify.com/s/files/1/0516/1677/6382/files/mhbwatermelonscrub.jpg?v=1708589369,2,MHB Watermelon Scrub - 150g,,,,,,,,,,,,,,,,,,,,,,
mhb-2-in-1-shampoo-conditioner-250ml,MHB Shampoo + Conditioner 2 in 1 -  250ml,"""MHB 2 in 1 Shampoo + Conditioner 250ml"" is a versatile hair care product that combines the cleansing power of shampoo with the conditioning benefits of a conditioner in one convenient bottle. Formulated with care, this all-in-one solution is designed to simplify your hair care routine while providing nourishment and hydration to your locks.<br data-mce-fragment=""1""><br data-mce-fragment=""1"">This 2 in 1 formula is crafted with a blend of gentle cleansers that effectively remove dirt, excess oil, and product buildup from the scalp and hair strands, leaving them clean and refreshed. Simultaneously, the conditioner component works to hydrate and moisturize the hair, leaving it soft, smooth, and manageable.<br data-mce-fragment=""1""><br data-mce-fragment=""1"">Enriched with essential vitamins, minerals, and nourishing botanical extracts, MHB 2 in 1 Shampoo + Conditioner helps improve the overall health and appearance of your hair, making it look healthier and more vibrant with regular use. The balanced formula ensures that your hair receives the care it needs without weighing it down or leaving any residue.<br data-mce-fragment=""1""><br data-mce-fragment=""1"">Ideal for individuals with busy lifestyles or those seeking a streamlined hair care routine, MHB 2 in 1 Shampoo + Conditioner offers the convenience of two products in one, saving you time and effort without compromising on quality. The 250ml size is perfect for home use or for travel, ensuring that you can enjoy clean, nourished hair wherever you go. Experience the benefits of effortless hair care with MHB 2 in 1 Shampoo + Conditioner, and achieve hair that looks and feels its best every day.",MEMOONA HEALTH & BEAUTY (M.H.B),,"",HERBAL SHAMPOO,true,Title,Default Title,,,,,"",0.0,shopify,10,deny,manual,775.00,,true,true,"",https://cdn.shopify.com/s/files/1/0516/1677/6382/files/RedAndWhiteModernNewArrivalCasualShoesAmazonProductImage_2.png?v=1708588487,1,MHB Shampoo + Conditioner 2 in 1 -  250ml,false,,,,,,,,,,,,,,,kg,,,true,,,active
mhb-2-in-1-shampoo-conditioner-250ml,,,,,,,,,,,,,,,,,,,,,,,,,https://cdn.shopify.com/s/files/1/0516/1677/6382/files/mhbherbalshampoo2in1.jpg?v=1708588487,2,MHB Shampoo + Conditioner 2 in 1 -  250ml,,,,,,,,,,,,,,,,,,,,,,
mhb-detox-tea,MHB Detox Tea,"""MHB Detox Tea"" is a specially crafted herbal infusion designed to support the body's natural detoxification processes and promote overall wellness. Blended with a curated selection of herbs known for their detoxifying properties, this tea offers a refreshing and invigorating way to cleanse and rejuvenate from within.<br data-mce-fragment=""1""><br data-mce-fragment=""1"">Handpicked ingredients such as dandelion root, ginger, turmeric, and green tea are thoughtfully combined to create a synergistic blend that supports liver function, aids digestion, and helps flush out toxins from the body. These ingredients are rich in antioxidants, vitamins, and minerals, contributing to improved energy levels, clearer skin, and enhanced overall vitality.<br data-mce-fragment=""1""><br data-mce-fragment=""1"">MHB Detox Tea is free from artificial additives, preservatives, and caffeine, making it a gentle and natural option for those looking to reset and refresh their body. Whether enjoyed as part of a daily wellness routine or during a dedicated detox program, this tea provides a delicious and nourishing way to support your body's natural cleansing processes.<br data-mce-fragment=""1""><br data-mce-fragment=""1"">Indulge in the soothing and cleansing benefits of MHB Detox Tea and embark on a journey to renewed vitality and well-being. Sip your way to a healthier you with this delicious herbal blend that promotes detoxification and supports your body's natural ability to thrive.",MEMOONA HEALTH & BEAUTY (M.H.B),"Food, Beverages & Tobacco > Beverages > Tea & Infusions","",tea,true,Title,Default Title,,,,,"",200.0,shopify,19,deny,manual,1650.00,,true,true,"",https://cdn.shopify.com/s/files/1/0516/1677/6382/files/detoxtea.png?v=1707134557,1,"",false,,,,,,,,,,,,,,,kg,,1200.00,true,,,active
mhb-detox-tea,,,,,,,,,,,,,,,,,,,,,,,,,https://cdn.shopify.com/s/files/1/0516/1677/6382/files/detoxtea.jpg?v=1707134575,2,"",,,,,,,,,,,,,,,,,,,,,,
mhb-rose-facial-kit-pack-of-6,MHB Rose Facial Kit - Pack of 6,"<p>Introducing the luxurious MHB Rose Facial Kit, a comprehensive skincare regimen packed with the rejuvenating essence of roses. This exquisite pack of 6 products is meticulously crafted to cleanse, nourish, and revitalize your skin, leaving it with a radiant and youthful glow.<br><br>1. **Rose Facial Cleanser (300ml):** Begin your skincare ritual with our indulgent Rose Facial Cleanser. Formulated with the essence of fresh roses, this gentle yet effective cleanser effortlessly removes impurities, makeup, and excess oil, leaving your skin feeling clean, refreshed, and delicately fragrant.<br><br>2. **Rose Facial Massage Cream (150g):** Pamper your skin with the luxurious Rose Facial Massage Cream. Enriched with the goodness of rose extracts, this velvety cream deeply nourishes and hydrates your skin while promoting circulation, leaving it supple, smooth, and radiant.<br><br>3. **Rose Clay Mask (150g):** Treat your skin to the purifying benefits of our Rose Clay Mask. Infused with natural rose extracts and purifying clay, this mask effectively draws out impurities, toxins, and excess oil, leaving your skin feeling detoxified, tightened, and rejuvenated.<br><br>4. **Rose Toner (150ml):** Rejuvenate and tone your skin with our refreshing Rose Toner. Enriched with the essence of roses, this alcohol-free toner helps to balance pH levels, tighten pores, and restore the skin's natural moisture barrier, leaving your skin feeling revitalized, hydrated, and radiant.<br><br>5. **Rose Moisturizer (150ml):** Nourish and hydrate your skin with our luxurious Rose Moisturizer. Infused with the soothing essence of roses, this lightweight yet deeply hydrating moisturizer absorbs quickly into the skin, providing long-lasting moisture, leaving it soft, smooth, and delicately scented.<br><br>6. **Watermelon Scrub (150g):** Exfoliate and invigorate your skin with our refreshing Watermelon Scrub. Enriched with the goodness of watermelon extracts, this gentle exfoliating scrub buffs away dead skin cells, impurities, and dullness, revealing a brighter, smoother, and more radiant complexion.<br><br>Indulge in the ultimate pampering experience with the MHB Rose Facial Kit and unveil the beauty of your skin with the timeless elegance of roses.</p>",MHB - MEMOONA HEALTH & BEAUTY,Health & Beauty,"",MHB FACE CARE,true,Title,Default Title,,,,,"",300.0,shopify,10,deny,manual,7350.00,,true,false,"",https://cdn.shopify.com/s/files/1/0516/1677/6382/files/roseFacialkit.jpg?v=1708587799,1,"",false,,,,,,,,,,,,,,,kg,,,true,,,active
mhb-rose-facial-kit-pack-of-6,,,,,,,,,,,,,,,,,,,,,,,,,https://cdn.shopify.com/s/files/1/0516/1677/6382/files/Rosefacial-kit.jpg?v=1708587798,2,"",,,,,,,,,,,,,,,,,,,,,,
mhb-rose-facial-kit-pack-of-6,,,,,,,,,,,,,,,,,,,,,,,,,https://cdn.shopify.com/s/files/1/0516/1677/6382/files/Rose-claymask-massagecream.jpg?v=1708587798,3,"",,,,,,,,,,,,,,,,,,,,,,
mhb-rose-facial-massage-cream-150ml,MHB Rose Facial Massage Cream -  150g,"<span data-mce-fragment=""1"">Rose Facial Massage Cream (150g): Pamper your skin with the luxurious Rose Facial Massage Cream. Enriched with the goodness of rose extracts, this velvety cream deeply nourishes and hydrates your skin while promoting circulation, leaving it supple, smooth, and radiant.</span>",MHB - MEMOONA HEALTH & BEAUTY,,"","FACE CARE, MHB FACEWASH",true,Title,Default Title,,,,,"",200.0,shopify,10,deny,manual,1550.00,,true,false,"",https://cdn.shopify.com/s/files/1/0516/1677/6382/files/main-canvas-65d5ca14d08c59d2e4231335.png?v=1708588012,1,MHB Rose Facial Massage Cream -  150ml,false,,,,,,,,,,,,,,,kg,,,true,,,active
mhb-rose-clay-mask-150ml,MHB Rose Clay Mask - 150g,"<span data-mce-fragment=""1"">Rose Clay Mask (150g):Treat your skin to the purifying benefits of our Rose Clay Mask. Infused with natural rose extracts and purifying clay, this mask effectively draws out impurities, toxins, and excess oil, leaving your skin feeling detoxified, tightened, and rejuvenated.</span>",MEMOONA HEALTH & BEAUTY (M.H.B),Health & Beauty > Personal Care > Cosmetics > Skin Care,"",FACE CARE,true,Title,Default Title,,,,,"",200.0,shopify,25,deny,manual,1550.00,,true,false,"",https://cdn.shopify.com/s/files/1/0516/1677/6382/files/main-canvas-65d5c9d2d08c59d2e423132f.png?v=1708588438,1,MHB Rose Clay Mask - 150ml,false,,,,,,,,,,,,,,,kg,,1000.00,true,,,active
mhb-super-women-kit-pack-of-6,MHB Super Women Kit - Pack of 6,"<div class=""flex-1 overflow-hidden"">
<div class=""react-scroll-to-bottom--css-nlujb-79elbk h-full"">
<div class=""react-scroll-to-bottom--css-nlujb-1n7m0yu"">
<div class=""flex flex-col pb-9 text-sm"">
<div data-testid=""conversation-turn-5"" class=""w-full text-token-text-primary"">
<div class=""px-4 py-2 justify-center text-base md:gap-6 m-auto"">
<div class=""flex flex-1 text-base mx-auto gap-3 md:px-5 lg:px-1 xl:px-5 md:max-w-3xl lg:max-w-[40rem] xl:max-w-[48rem] group final-completion"">
<div class=""relative flex w-full flex-col agent-turn"">
<div class=""flex-col gap-1 md:gap-3"">
<div class=""flex flex-grow flex-col max-w-full"">
<div class=""min-h-[20px] text-message flex flex-col items-start gap-3 whitespace-pre-wrap break-words [.text-message+&amp;]:mt-5 overflow-x-auto"" data-message-id=""6f3d0471-6241-47f4-baa7-93de7964dd14"" data-message-author-role=""assistant"">
<div class=""markdown prose w-full break-words dark:prose-invert dark"">
<p>Introducing the MHB Super Women Kit, a comprehensive collection designed to support women through every phase of their menstrual cycle and beyond. This pack of 6 essential items provides comfort, hygiene, and wellness to empower women to embrace their femininity with confidence and grace.</p>
<ol>
<li>
<p><strong>Sanitary Napkin (Day Use) x 2:</strong> Stay fresh and comfortable all day long with our Day Use Sanitary Napkins. Designed for maximum absorption and leak protection, these pads provide reliable comfort during your active hours.</p>
</li>
<li>
<p><strong>Sanitary Napkin (Night Use) x 2:</strong> Enjoy a restful night's sleep with our Night Use Sanitary Napkins. With extra length and superior absorbency, these pads provide overnight protection, ensuring you wake up feeling refreshed and confident.</p>
</li>
<li>
<p><strong>Sanitary Napkin (Pantiliner) x 1:</strong> For everyday freshness and light protection, our Pantiliners are your go-to solution. Ultra-thin and discreet, these liners provide comfortable coverage for everyday use.</p>
</li>
<li>
<p><strong>Feminine Intimate Wash 250ml x 1:</strong> Maintain intimate hygiene with our gentle and effective Feminine Intimate Wash. Formulated with mild ingredients and pH-balanced to support the natural balance of your intimate area, this wash keeps you feeling clean, fresh, and confident.</p>
</li>
<li>
<p><strong>Rose Cleanser 300ml x 1:</strong> Treat your skin to the soothing properties of roses with our Rose Cleanser. Formulated to gently cleanse and refresh your skin, this luxurious cleanser removes impurities while leaving behind a delicate rose fragrance, indulging your senses with every use.</p>
</li>
<li>
<p><strong>Detox Tea x 1:</strong> Nourish your body from within with our Detox Tea. Crafted with a blend of herbal ingredients, this tea helps support detoxification, digestion, and overall well-being, making it the perfect addition to your self-care routine.</p>
</li>
</ol>
<p>Empower yourself with the MHB Super Women Kit, a complete package designed to cater to the diverse needs of modern women, promoting comfort, confidence, and holistic wellness throughout every phase of life.</p>
</div>
</div>
</div>
</div>
</div>
</div>
</div>
</div>
</div>
</div>
</div>
</div>",MEMOONA HEALTH & BEAUTY (M.H.B),,"","intimate, MHB FACE CARE",true,Title,Default Title,,,,,"",400.0,shopify,25,deny,manual,7000.00,,true,true,"",https://cdn.shopify.com/s/files/1/0516/1677/6382/files/mhbsuperwomenkit_1.jpg?v=1708613406,1,"",false,,,,,,,,,,,,,,,kg,,,true,,,active
mhb-super-women-kit-pack-of-6,,,,,,,,,,,,,,,,,,,,,,,,,https://cdn.shopify.com/s/files/1/0516/1677/6382/files/mhbsuperwomenkit_e7b289a4-fcf9-45ba-a198-0b374f0d6222.jpg?v=1708613406,2,"",,,,,,,,,,,,,,,,,,,,,,
mhb-super-women-kit-pack-of-6,,,,,,,,,,,,,,,,,,,,,,,,,https://cdn.shopify.com/s/files/1/0516/1677/6382/files/mhbsuperwomenkit.jpg?v=1708613407,3,"",,,,,,,,,,,,,,,,,,,,,,
mhb-super-women-kit-pack-of-6,,,,,,,,,,,,,,,,,,,,,,,,,https://cdn.shopify.com/s/files/1/0516/1677/6382/files/mhbsuperwomenkit_1_dfb697ee-6cbc-46a3-9e10-d572b8d97c99.jpg?v=1708613406,4,"",,,,,,,,,,,,,,,,,,,,,,
mhb-little-lady-kit,MHB Little Lady Care Kit - Pack of 3,"<div class=""flex-1 overflow-hidden"">
<div class=""react-scroll-to-bottom--css-nlujb-79elbk h-full"">
<div class=""react-scroll-to-bottom--css-nlujb-1n7m0yu"">
<div class=""flex flex-col pb-9 text-sm"">
<div data-testid=""conversation-turn-5"" class=""w-full text-token-text-primary"">
<div class=""px-4 py-2 justify-center text-base md:gap-6 m-auto"">
<div class=""flex flex-1 text-base mx-auto gap-3 md:px-5 lg:px-1 xl:px-5 md:max-w-3xl lg:max-w-[40rem] xl:max-w-[48rem] group final-completion"">
<div class=""relative flex w-full flex-col agent-turn"">
<div class=""flex-col gap-1 md:gap-3"">
<div class=""flex flex-grow flex-col max-w-full"">
<div class=""min-h-[20px] text-message flex flex-col items-start gap-3 whitespace-pre-wrap break-words [.text-message+&amp;]:mt-5 overflow-x-auto"" data-message-id=""6f3d0471-6241-47f4-baa7-93de7964dd14"" data-message-author-role=""assistant"">
<div class=""markdown prose w-full break-words dark:prose-invert dark"">
<p>Introducing the MHB Little Lady Care Kit, a comprehensive collection designed to support women through every phase of their menstrual cycle and beyond. This pack of 6 essential items provides comfort, hygiene, and wellness to empower women to embrace their femininity with confidence and grace.</p>
<ol>
<li>
<p><strong>Sanitary Napkin (Day Use) x 2:</strong> Stay fresh and comfortable all day long with our Day Use Sanitary Napkins. Designed for maximum absorption and leak protection, these pads provide reliable comfort during your active hours.</p>
</li>
<li>
<p><strong>Sanitary Napkin (Night Use) x 1:</strong> Enjoy a restful night's sleep with our Night Use Sanitary Napkins. With extra length and superior absorbency, these pads provide overnight protection, ensuring you wake up feeling refreshed and confident.</p>
</li>
<li>
<p><strong>Feminine Intimate Wash 250ml x 1:</strong> Maintain intimate hygiene with our gentle and effective Feminine Intimate Wash. Formulated with mild ingredients and pH-balanced to support the natural balance of your intimate area, this wash keeps you feeling clean, fresh, and confident.</p>
</li>
</ol>
<p>Empower yourself with the MHB Little Lady Care Kit, a complete package designed to cater to the diverse needs of modern women, promoting comfort, confidence, and holistic wellness throughout every phase of life.</p>
</div>
</div>
</div>
</div>
</div>
</div>
</div>
</div>
</div>
</div>
</div>
</div>",MEMOONA HEALTH & BEAUTY (M.H.B),Health & Beauty,"","intimate, MHB FACE CARE",true,Title,Default Title,,,,,,400.0,shopify,0,deny,manual,3325.00,,true,true,,https://cdn.shopify.com/s/files/1/0516/1677/6382/files/mhblittleladykit.jpg?v=1708614117,1,"",false,,,,,,,,,,,,,,,kg,,,true,,,active
